CHR,F,SNP,BP,P,TOTAL,NSIG,S05,S01,S001,S0001,SP2,BETA,SE,A1,A2,metabolite
2,1,rs186365933,215316102,1.83e-12,0,0,0,0,0,0,NONE,-0.428977,0.0608724,T,A,metabolite_244
3,1,rs6800284,30758956,3.29e-12,0,0,0,0,0,0,NONE,-0.0865878,0.0124323,T,C,metabolite_244
8,1,rs4921914,18272438,1.6399999999999999e-34,8,0,0,0,0,8,"rs10088180(1),rs10085931(1),rs11780884(1),rs1390360(1),rs4646257(1),rs57180587(1),rs6997340(1),rs11784369(1)",-0.143449,0.0117081,T,C,metabolite_192
8,1,rs2047252,18237987,7.73e-19,7,0,0,0,0,7,"rs9792128(1),rs13271577(1),rs28409557(1),rs28626860(1),rs10111245(1),rs7835476(1),rs13257339(1)",-0.130855,0.0147628,C,T,metabolite_192
8,1,rs13267946,18270279,2.47e-12,0,0,0,0,0,0,NONE,0.18985,0.0271015,G,A,metabolite_192
8,1,rs1495742,18272901,1.78e-11,0,0,0,0,0,0,NONE,-0.073792,0.0109765,T,C,metabolite_192
1,1,rs61825638,241713402,3.5e-12,0,0,0,0,0,0,NONE,0.112401,0.0161584,T,C,metabolite_98
11,1,rs174594,61619829,4.55e-14,2,0,0,0,0,2,"rs4246215(1),rs174560(1)",0.110767,0.0146824,A,C,metabolite_229
16,1,rs146659562,23822661,2.36e-12,1,0,0,0,0,1,rs117934087(1),-0.175624,0.025048,T,C,metabolite_231
11,1,rs117929730,71133793,5.03e-12,0,0,0,0,0,0,NONE,-0.295106,0.0427399,A,G,metabolite_231
9,1,rs117792414,111083839,6.69e-12,0,0,0,0,0,0,NONE,-0.242366,0.0353093,T,C,metabolite_231
2,1,rs6742078,234672639,1.56e-41,11,0,0,0,0,11,"rs2741023(1),rs2741034(1),rs7571915(1),rs7608175(1),rs2012734(1),rs6744284(1),rs7576166(1),rs13009407(1),rs10179091(1),rs33979061(1),rs7581102(1)",0.238979,0.017702,T,G,metabolite_250
2,1,rs1047891,211540507,2.96e-38,3,0,0,0,0,3,"rs7424145(1),rs66826907(1),rs4673553(1)",0.128387,0.00992758,A,C,metabolite_340
2,1,rs17775871,211548674,1.95e-12,0,0,0,0,0,0,NONE,0.0996532,0.0141598,G,A,metabolite_340
2,1,rs2887915,211554574,2.81e-11,0,0,0,0,0,0,NONE,-0.066207,0.00994651,T,C,metabolite_340
11,1,rs117507333,103529650,2.66e-13,0,0,0,0,0,0,NONE,-0.202172,0.0276544,A,T,metabolite_572
8,1,rs144275802,72042236,9.74e-13,0,0,0,0,0,0,NONE,-0.209192,0.0293229,G,A,metabolite_572
11,1,rs145284701,85964714,3.4e-11,0,0,0,0,0,0,NONE,-0.177848,0.0268327,G,A,metabolite_572
2,1,rs80263080,189850205,4.53e-11,0,0,0,0,0,0,NONE,-0.189984,0.0288487,T,C,metabolite_572
16,1,rs117674105,14761719,4.69e-11,0,0,0,0,0,0,NONE,-0.156712,0.0238151,A,G,metabolite_572
11,1,rs147053448,65753581,4.79e-11,0,0,0,0,0,0,NONE,-0.18617,0.0283043,A,G,metabolite_572
3,1,rs4429671,124471899,2.7e-29,14,0,0,0,0,14,"rs4234221(1),rs1162(1),rs333267(1),rs9879289(1),rs702036(1),rs3821538(1),rs1803825(1),rs9874118(1),rs3772837(1),rs12490538(1),rs6769379(1),rs7624392(1),rs4677946(1),rs3772842(1)",-0.178476,0.0158837,T,G,metabolite_445
3,1,rs9289238,124573989,1.62e-13,2,0,0,0,0,2,"rs1265646(1),rs12486251(1)",-0.120276,0.0163044,A,G,metabolite_445
7,1,rs117381255,17554238,4.84e-13,0,0,0,0,0,0,NONE,-0.310978,0.0430138,T,C,metabolite_461
3,1,rs144790221,156911129,1.64e-11,0,0,0,0,0,0,NONE,-0.284691,0.0422687,A,G,metabolite_461
2,1,rs1260326,27730940,2.87e-16,1,0,0,0,0,1,rs780096(1),0.0779307,0.00952847,C,T,metabolite_803
11,1,rs148951540,33457270,6.59e-12,0,0,0,0,0,0,NONE,0.768144,0.111871,A,G,metabolite_491
16,1,rs148819672,12649379,1.52e-11,0,0,0,0,0,0,NONE,0.636183,0.0942996,A,C,metabolite_491
1,1,rs138296028,23488426,2.23e-11,0,0,0,0,0,0,NONE,0.599654,0.0896298,A,G,metabolite_491
22,1,rs5746638,18907997,8.99e-12,0,0,0,0,0,0,NONE,-0.0642695,0.00942125,T,C,metabolite_480
2,1,rs887829,234668570,5.75e-38,11,0,0,0,0,11,"rs2741023(1),rs2602374(1),rs7571915(1),rs10175809(1),rs2012734(1),rs6744284(1),rs6431625(1),rs13009407(1),rs10179091(1),rs33979061(1),rs7581102(1)",0.170313,0.0132219,T,C,metabolite_1090
2,1,rs7592624,234602906,4.49e-11,0,0,0,0,0,0,NONE,0.0840207,0.0127559,A,G,metabolite_1090
2,1,rs13408433,73883072,7.04e-37,10,0,0,0,0,10,"rs10207970(1),rs76197226(1),rs79234109(1),rs12472502(1),rs12620091(1),rs111267264(1),rs73949333(1),rs12997018(1),rs4852316(1),rs2567602(1)",0.189928,0.0149711,A,G,metabolite_1082
2,1,rs56014217,73623929,1.4e-34,4,0,0,0,0,4,"rs11885217(1),rs11898362(1),rs62149630(1),rs7576824(1)",0.187155,0.0152596,T,C,metabolite_1082
2,1,rs77801207,74077755,5.3e-14,1,0,0,0,0,1,rs28525015(1),0.241148,0.0320495,G,C,metabolite_1082
2,1,rs12104768,73674966,1.04e-13,0,0,0,0,0,0,NONE,0.209972,0.028238,C,T,metabolite_1082
4,1,rs6832439,9924319,4.39e-17,7,0,0,0,0,7,"rs13129697(1),rs7679724(1),rs6449213(1),rs3775946(1),rs6827401(1),rs7671266(1),rs35782983(1)",0.0794698,0.00945842,G,A,metabolite_1134
4,1,rs28378345,10209897,4.25e-12,1,0,0,0,0,1,rs115776655(1),-0.0662305,0.0095589,G,A,metabolite_1134
8,1,rs4921914,18272438,8.41e-16,5,0,0,0,0,5,"rs11780884(1),rs4646246(1),rs11780610(1),rs10088333(1),rs11784369(1)",-0.11328,0.0140754,T,C,metabolite_1113
8,1,rs2047252,18237987,1.11e-11,1,0,0,0,0,1,rs10111245(1),-0.116709,0.0171859,C,T,metabolite_1113
16,1,rs258341,89691142,1.07e-13,3,0,0,0,0,3,"rs8044136(1),rs72805578(1),rs164749(1)",-0.119356,0.0160596,C,T,metabolite_1224
16,1,rs1126464,89704365,9.82e-13,0,0,0,0,0,0,NONE,0.128358,0.0179949,C,G,metabolite_1224
15,1,rs3885951,78825917,1.07e-36,1,0,0,0,0,1,rs1052035(1),0.272886,0.0215656,G,A,metabolite_100000054
15,1,rs183603441,78807407,2.07e-23,1,0,0,0,0,1,rs145649011(1),0.611621,0.0613493,A,T,metabolite_100000054
15,1,rs4887062,78837801,5.579999999999999e-23,6,0,0,0,0,6,"rs954144(1),rs871058(1),rs588765(1),rs62010328(1),rs2904130(1),rs7178270(1)",-0.128377,0.013006,A,G,metabolite_100000054
15,1,rs28498264,78837673,9.39e-22,6,0,0,0,0,6,"rs2869030(1),rs9672608(1),rs1711731(1),rs518425(1),rs4887069(1),rs12593950(1)",-0.144535,0.0150818,T,C,metabolite_100000054
15,1,rs118099388,79075405,2.5e-14,0,0,0,0,0,0,NONE,0.393464,0.051624,T,C,metabolite_100000054
15,1,rs72745113,79008966,1.67e-11,0,0,0,0,0,0,NONE,0.273297,0.0405973,A,G,metabolite_100000054
5,1,rs37370,35039486,2.23e-38,1,0,0,0,0,1,rs37369(1),-0.330027,0.0254771,T,C,metabolite_1114
5,1,rs468327,35003112,4.67e-32,5,0,0,0,0,5,"rs16899974(1),rs163908(1),rs163843(1),rs55895806(1),rs10070227(1)",0.232822,0.019756,A,G,metabolite_1114
5,1,rs237252,35032769,4.3699999999999995e-30,7,0,0,0,0,7,"rs163841(1),rs13163727(1),rs34623800(1),rs344515(1),rs11959896(1),rs11952305(1),rs11950974(1)",0.21386,0.0187658,A,G,metabolite_1114
5,1,rs163585,34977408,2.91e-20,6,0,0,0,0,6,"rs251647(1),rs40202(1),rs6868348(1),rs192235(1),rs606241(1),rs16899972(1)",0.178079,0.0193102,T,C,metabolite_1114
5,1,rs1808007,35025423,7.89e-13,0,0,0,0,0,0,NONE,0.303739,0.0424036,A,G,metabolite_1114
14,1,rs12587599,104575130,5.65e-21,3,0,0,0,0,3,"rs1744293(1),rs750062(1),rs12590368(1)",0.0880674,0.00937252,T,C,metabolite_917
14,1,rs12588869,104587348,4.03e-14,2,0,0,0,0,2,"rs7156718(1),rs34839045(1)",-0.0484174,0.00640428,A,G,metabolite_917
8,1,rs3935209,145113241,6.05e-23,4,0,0,0,0,4,"rs11986647(1),rs7829844(1),rs115949029(1),rs10104795(1)",-0.143863,0.0145869,G,T,metabolite_1021
22,1,rs9611841,43084163,3.76e-11,0,0,0,0,0,0,NONE,0.649241,0.0981729,C,G,metabolite_100000743
5,1,rs112650368,99302463,1.95e-11,0,0,0,0,0,0,NONE,1.01773,0.15168,T,C,metabolite_100000846
1,1,rs7530513,89409911,2.45e-16,2,0,0,0,0,2,"rs10127863(1),rs6692335(1)",0.135139,0.0164854,A,G,metabolite_100000263
16,1,rs71400029,58782473,6.74e-13,0,0,0,0,0,0,NONE,0.223892,0.0311625,C,G,metabolite_100000263
12,1,rs34673751,121171891,5.75e-19,3,0,0,0,0,3,"rs111524607(1),rs3752531(1),rs3021337(1)",0.144868,0.0162832,A,G,metabolite_2051
12,1,rs1799958,121176083,5.46e-154,15,0,0,0,0,15,"rs35328603(1),rs7955217(1),rs111524607(1),rs11065200(1),rs76215734(1),rs2393749(1),rs695948(1),rs2948149(1),rs3021337(1),rs11065233(1),rs12825376(1),rs697854(1),rs470501(1),rs1467283(1),rs4767935(1)",0.476797,0.0180368,A,G,metabolite_100001054
12,1,rs6490297,121055159,2.51e-35,2,0,0,0,0,2,"rs71454652(1),rs35434621(1)",0.272222,0.0219474,C,T,metabolite_100001054
12,1,rs4767918,121053044,1.6299999999999999e-34,4,0,0,0,0,4,"rs10849770(1),rs10774563(1),rs2686552(1),rs522632(1)",-0.247247,0.0201791,C,T,metabolite_100001054
12,1,rs1168070,121084654,4.0199999999999998e-28,4,0,0,0,0,4,"rs7138861(1),rs715120(1),rs12370780(1),rs1109480(1)",-0.227878,0.0207247,A,C,metabolite_100001054
12,1,rs10849775,121084602,3.2600000000000004e-27,3,0,0,0,0,3,"rs74706754(1),rs12310160(1),rs12822898(1)",0.284188,0.0263015,T,C,metabolite_100001054
12,1,rs2203474,121232400,4.7099999999999995e-25,1,0,0,0,0,1,rs113412464(1),0.341226,0.0330045,G,T,metabolite_100001054
12,1,rs2140093,121123277,2.39e-24,1,0,0,0,0,1,rs541619(1),0.217605,0.0213719,G,A,metabolite_100001054
12,1,rs558314,121171803,2.85e-23,4,0,0,0,0,4,"rs516978(1),rs186070804(1),rs660549(1),rs10849818(1)",0.208142,0.0209444,G,C,metabolite_100001054
12,1,rs12825746,121268033,9.15e-20,1,0,0,0,0,1,rs3844037(1),0.185341,0.0203703,C,A,metabolite_100001054
12,1,rs2708081,121463288,1.54e-19,3,0,0,0,0,3,"rs28380723(1),rs7300883(1),rs73419638(1)",-0.182319,0.0201632,C,T,metabolite_100001054
12,1,rs1151874,121092555,4.52e-18,0,0,0,0,0,0,NONE,-0.201541,0.0232597,C,T,metabolite_100001054
12,1,rs143400283,121393614,4.24e-15,1,0,0,0,0,1,rs146498669(1),0.373451,0.0475886,C,T,metabolite_100001054
12,1,rs3999404,121128192,6.39e-14,0,0,0,0,0,0,NONE,0.414702,0.0552956,A,G,metabolite_100001054
12,1,rs12814766,121398094,7.29e-14,4,0,0,0,0,4,"rs80252785(1),rs3999413(1),rs12368199(1),rs74390571(1)",0.211865,0.0283147,A,G,metabolite_100001054
12,1,rs34179846,120917722,7.4e-14,0,0,0,0,0,0,NONE,0.267821,0.0358021,C,T,metabolite_100001054
12,1,rs11611243,121041539,1.93e-13,1,0,0,0,0,1,rs6490295(1),-0.157864,0.0214674,A,G,metabolite_100001054
12,1,rs78080032,121044381,3.56e-13,0,0,0,0,0,0,NONE,0.225612,0.0310273,C,T,metabolite_100001054
12,1,rs7304812,121040703,8.37e-13,0,0,0,0,0,0,NONE,0.175096,0.0244719,A,T,metabolite_100001054
12,1,rs649622,121182887,9.18e-13,0,0,0,0,0,0,NONE,-0.239861,0.0335832,T,G,metabolite_100001054
12,1,rs73214176,121485868,3.25e-12,0,0,0,0,0,0,NONE,-0.1789,0.0256808,C,T,metabolite_100001054
12,1,rs4767919,121061203,5.22e-11,0,0,0,0,0,0,NONE,-0.174128,0.0265261,G,A,metabolite_100001054
12,1,rs1799958,121176083,4.27e-187,14,0,0,0,0,14,"rs35328603(1),rs7955217(1),rs111524607(1),rs11065200(1),rs76215734(1),rs7964786(1),rs56179458(1),rs3021337(1),rs11065233(1),rs696340(1),rs12825376(1),rs470501(1),rs4767935(1),rs73415734(1)",0.516359,0.0176999,A,G,metabolite_2054
12,1,rs6490297,121055159,1.99e-35,2,0,0,0,0,2,"rs71454652(1),rs35434621(1)",0.279225,0.0224787,C,T,metabolite_2054
12,1,rs4767918,121053044,3.27e-34,4,0,0,0,0,4,"rs10849770(1),rs10774563(1),rs2686552(1),rs522632(1)",-0.252264,0.0206842,C,T,metabolite_2054
12,1,rs2203474,121232400,1.89e-27,1,0,0,0,0,1,rs113412464(1),0.365202,0.033644,G,T,metabolite_2054
12,1,rs1168070,121084654,5.2300000000000004e-27,5,0,0,0,0,5,"rs7138861(1),rs715120(1),rs4382980(1),rs1109480(1),rs693388(1)",-0.228995,0.0212791,A,C,metabolite_2054
12,1,rs558314,121171803,2.34e-26,3,0,0,0,0,3,"rs566994(1),rs186070804(1),rs10849818(1)",0.226462,0.0213193,G,C,metabolite_2054
12,1,rs1464515,121122661,5.79e-25,1,0,0,0,0,1,rs541619(1),0.225572,0.02186,A,C,metabolite_2054
12,1,rs10849775,121084602,1.42e-24,3,0,0,0,0,3,"rs74706754(1),rs12310160(1),rs12822898(1)",0.277194,0.0270903,T,C,metabolite_2054
12,1,rs2393717,121220375,4.22e-21,2,0,0,0,0,2,"rs3844037(1),rs28380723(1)",0.199489,0.0211613,C,G,metabolite_2054
12,1,rs80252785,121186537,1.44e-19,3,0,0,0,0,3,"rs117816983(1),rs145280738(1),rs12049937(1)",0.376841,0.0416452,G,A,metabolite_2054
12,1,rs2708081,121463288,3.89e-18,1,0,0,0,0,1,rs73419638(1),-0.179859,0.0207168,C,T,metabolite_2054
12,1,rs1151874,121092555,1.23e-17,0,0,0,0,0,0,NONE,-0.203917,0.0238494,C,T,metabolite_2054
12,1,rs34179846,120917722,2.02e-17,0,0,0,0,0,0,NONE,0.309124,0.0363979,C,T,metabolite_2054
12,1,rs6490295,121041044,4.16e-16,1,0,0,0,0,1,rs11611243(1),-0.174513,0.0214556,T,G,metabolite_2054
12,1,rs12368199,121472167,7.13e-15,2,0,0,0,0,2,"rs2258227(1),rs74390571(1)",0.225186,0.0289364,A,G,metabolite_2054
12,1,rs78080032,121044381,8.6e-15,0,0,0,0,0,0,NONE,0.245746,0.0316746,C,T,metabolite_2054
12,1,rs146498669,121357895,4.4e-14,1,0,0,0,0,1,rs143400283(1),0.440355,0.0583366,C,T,metabolite_2054
12,1,rs145997971,121087347,1.41e-13,0,0,0,0,0,0,NONE,0.444737,0.0601384,C,T,metabolite_2054
12,1,rs7304812,121040703,3.84e-13,0,0,0,0,0,0,NONE,0.1819,0.025051,A,T,metabolite_2054
12,1,rs3999404,121128192,1.98e-12,0,0,0,0,0,0,NONE,0.399826,0.0568274,A,G,metabolite_2054
12,1,rs649622,121182887,4.03e-12,0,0,0,0,0,0,NONE,-0.238956,0.0344506,T,G,metabolite_2054
12,1,rs117807066,120929463,1.14e-11,0,0,0,0,0,0,NONE,0.403421,0.0594335,T,G,metabolite_2054
12,1,rs117408018,121091400,4.26e-11,0,0,0,0,0,0,NONE,-0.202668,0.0307319,A,G,metabolite_2054
6,1,rs12208357,160543148,1.97e-12,0,0,0,0,0,0,NONE,-0.282635,0.0401665,T,C,metabolite_100001055
6,1,rs6909681,160469099,2.86e-12,0,0,0,0,0,0,NONE,0.142971,0.0204704,A,T,metabolite_100001055
6,1,rs662138,160564476,9.33e-12,1,0,0,0,0,1,rs463599(1),-0.191003,0.0280211,G,C,metabolite_100001055
1,1,rs6429757,15909850,1.23e-45,6,0,0,0,0,6,"rs12130283(1),rs4661636(1),rs12691551(1),rs45619934(1),rs2753300(1),rs6675252(1)",-0.2802,0.0197613,G,C,metabolite_100000096
1,1,rs6679323,15914135,1.3e-26,3,0,0,0,0,3,"rs12028097(1),rs35875594(1),rs10927823(1)",-0.234362,0.021949,G,A,metabolite_100000096
1,1,rs2062595,16075128,1.28e-11,0,0,0,0,0,0,NONE,0.1797,0.0265421,T,C,metabolite_100000096
1,1,rs7534754,76185308,8.11e-12,0,0,0,0,0,0,NONE,-0.136335,0.0199421,A,G,metabolite_100000781
2,1,rs1047891,211540507,5.56e-24,2,0,0,0,0,2,"rs7424145(1),rs4673553(1)",0.220459,0.0218291,A,C,metabolite_100001150
16,1,rs75514267,58771739,6.32e-12,0,0,0,0,0,0,NONE,0.16331,0.023764,A,C,metabolite_100000774
1,1,rs28415528,151879761,5.23e-12,0,0,0,0,0,0,NONE,-0.132229,0.0191662,A,G,metabolite_100000773
2,1,rs1047891,211540507,3.36e-17,0,0,0,0,0,0,NONE,0.217035,0.0257357,A,C,metabolite_100001006
2,1,rs141464980;rs60762909;rs141464980,73873502,6.86e-56,11,0,0,0,0,11,"rs111845822(1),rs10496190(1),rs79234109(1),rs2421668(1),rs12620091(1),rs111267264(1),rs73949333(1),rs11674212(1),rs12997018(1),rs11126417(1),rs2567603(1)",0.25773,0.0163638,T,C,metabolite_100001104
2,1,rs56672945,73622663,1.9499999999999998e-48,6,0,0,0,0,6,"rs17349049(1),rs6752270(1),rs11885217(1),rs11126396(1),rs62149630(1),rs6706235(1)",0.238759,0.0163256,T,C,metabolite_100001104
2,1,rs35528262,73955125,8.04e-14,1,0,0,0,0,1,rs6742619(1),-0.115513,0.0154643,C,G,metabolite_100001104
2,1,rs113165835,73854145,1.85e-13,2,0,0,0,0,2,"rs28525015(1),rs77773613(1)",0.25931,0.0352348,G,C,metabolite_100001104
2,1,rs78562500,73578223,4.35e-13,0,0,0,0,0,0,NONE,0.254366,0.0351124,G,T,metabolite_100001104
2,1,rs11679202,73666997,9.95e-13,0,0,0,0,0,0,NONE,0.203394,0.0285216,G,A,metabolite_100001104
2,1,rs13431529,73876041,2.83e-99,10,0,0,0,0,10,"rs10496190(1),rs76197226(1),rs79234109(1),rs13018422(1),rs12620091(1),rs111267264(1),rs73949333(1),rs11674212(1),rs1806683(1),rs2567603(1)",0.398634,0.0188491,C,G,metabolite_100001253
2,1,rs11679809,73624844,3.89e-83,6,0,0,0,0,6,"rs62149622(1),rs6752270(1),rs11885217(1),rs11898362(1),rs62151562(1),rs6546829(1)",0.372497,0.0192837,T,C,metabolite_100001253
2,1,rs112034360,73677548,3.94e-20,6,0,0,0,0,6,"rs113541710(1),rs113868473(1),rs111722105(1),rs1881244(1),rs28525015(1),rs76498150(1)",0.383932,0.0417785,G,A,metabolite_100001253
2,1,rs111450435,73872060,1.58e-18,0,0,0,0,0,0,NONE,0.363907,0.041429,G,T,metabolite_100001253
2,1,rs73946176,73929896,1.04e-15,2,0,0,0,0,2,"rs115920572(1),rs59098607(1)",0.355192,0.0442782,A,G,metabolite_100001253
2,1,rs35528262,73955125,3.88e-15,2,0,0,0,0,2,"rs6742619(1),rs7594485(1)",-0.150035,0.0190917,C,G,metabolite_100001253
2,1,rs115846118,73872682,3.94e-12,0,0,0,0,0,0,NONE,0.353281,0.0509113,G,A,metabolite_100001253
2,1,rs75211246,73552057,9.06e-12,0,0,0,0,0,0,NONE,0.275735,0.0404265,C,A,metabolite_100001253
2,1,rs11679202,73666997,1.32e-11,0,0,0,0,0,0,NONE,0.239513,0.0353967,G,A,metabolite_100001253
2,1,rs1047891,211540507,9.84e-25,1,0,0,0,0,1,rs4673553(1),0.152956,0.0148967,A,C,metabolite_100001294
11,1,rs75055830,128988700,2.14e-13,0,0,0,0,0,0,NONE,0.704566,0.0959954,A,G,metabolite_100000707
7,1,rs117988245,81003928,6.38e-13,0,0,0,0,0,0,NONE,0.511505,0.0711202,A,G,metabolite_100000707
15,1,rs147225904,35016613,1.91e-12,0,0,0,0,0,0,NONE,0.577061,0.0819552,G,A,metabolite_100000707
14,1,rs149085629,101283960,3.93e-11,0,0,0,0,0,0,NONE,0.637303,0.0964653,A,G,metabolite_100000707
1,1,rs28415528,151879761,3.66e-11,0,0,0,0,0,0,NONE,-0.147661,0.0223153,A,G,metabolite_100000997
7,1,rs45446698,99332948,3.25e-66,6,0,0,0,0,6,"rs10278040(1),rs80218044(1),rs118168183(1),rs11568824(1),rs148100109(1),rs11761383(1)",-1.45136,0.0844384,G,T,metabolite_100001073
7,1,rs148982377,99075038,3.51e-55,5,0,0,0,0,5,"rs78653058(1),rs139380031(1),rs150507409(1),rs77356530(1),rs12535424(1)",-1.3376,0.0854888,C,T,metabolite_100001073
7,1,rs12538820,99340049,6.32e-16,1,0,0,0,0,1,rs10240199(1),-0.421559,0.0521537,A,G,metabolite_100001073
7,1,rs143524414,98965615,9.33e-13,0,0,0,0,0,0,NONE,-0.49368,0.0691422,A,G,metabolite_100001073
7,1,rs76657705,99428204,1.67e-11,0,0,0,0,0,0,NONE,-0.634236,0.0942133,G,C,metabolite_100001073
6,1,rs1165209,25801319,4.09e-11,0,0,0,0,0,0,NONE,0.106345,0.0161108,A,G,metabolite_100001254
7,1,rs740104,100816347,5.57e-22,3,0,0,0,0,3,"rs1106628(1),rs111856826(1),rs56896054(1)",-0.249665,0.0259063,G,C,metabolite_100001293
2,1,rs13384756,73871665,6.21e-18,2,0,0,0,0,2,"rs56145559(1),rs79234109(1)",0.155963,0.0180751,T,C,metabolite_100001293
12,1,rs7969761,355842,3.79e-18,6,0,0,0,0,6,"rs10774021(1),rs580420(1),rs487252(1),rs10848623(1),rs10848644(1),rs4140962(1)",0.109773,0.0126394,T,C,metabolite_100001208
12,1,rs12304627,507234,8.4e-13,1,0,0,0,0,1,rs531709(1),-0.128215,0.0179209,C,G,metabolite_100001208
1,1,rs1126742;rs45564940;rs1126742,47398496,3.38e-15,4,0,0,0,0,4,"rs7543829(1),rs145230871(1),rs4646487(1),rs11576656(1)",0.199178,0.0252898,G,A,metabolite_100001197
2,1,rs13408433,73883072,1.49e-106,10,0,0,0,0,10,"rs1881246(1),rs10207970(1),rs76197226(1),rs79234109(1),rs11126413(1),rs111267264(1),rs73949333(1),rs11674212(1),rs35498419(1),rs2567602(1)",0.343224,0.0156542,A,G,metabolite_100001266
2,1,rs11679809,73624844,5.29e-86,6,0,0,0,0,6,"rs17349049(1),rs6752270(1),rs11885217(1),rs11898362(1),rs62151562(1),rs6546829(1)",0.317832,0.016171,T,C,metabolite_100001266
2,1,rs35528262,73955125,5.8200000000000006e-27,5,0,0,0,0,5,"rs6742619(1),rs10193032(1),rs4852983(1),rs7566009(1),rs33990056(1)",-0.168725,0.0156929,C,G,metabolite_100001266
2,1,rs28525015,73905797,1.8700000000000002e-21,4,0,0,0,0,4,"rs113165835(1),rs76498150(1),rs57665766(1),rs11888468(1)",0.27951,0.029385,T,C,metabolite_100001266
2,1,rs111450435,73872060,2.08e-17,1,0,0,0,0,1,rs111321729(1),0.297047,0.0349909,G,T,metabolite_100001266
2,1,rs78562500,73578223,1.31e-16,2,0,0,0,0,2,"rs113868473(1),rs1881244(1)",0.300742,0.0363534,G,T,metabolite_100001266
2,1,rs3813230,74093652,3.49e-14,0,0,0,0,0,0,NONE,0.135473,0.0178752,C,T,metabolite_100001266
2,1,rs115846118,73872682,4.68e-13,0,0,0,0,0,0,NONE,0.309713,0.0428123,G,A,metabolite_100001266
2,1,rs11679202,73666997,1.04e-12,0,0,0,0,0,0,NONE,0.212006,0.0297543,G,A,metabolite_100001266
2,1,rs75211246,73552057,1.93e-12,0,0,0,0,0,0,NONE,0.239436,0.034014,C,A,metabolite_100001266
7,1,rs45446698,99332948,8.93e-47,5,0,0,0,0,5,"rs11766423(1),rs10278040(1),rs118168183(1),rs11568824(1),rs148100109(1)",-1.20457,0.0838709,G,T,metabolite_100001287
7,1,rs148982377,99075038,2.11e-39,2,0,0,0,0,2,"rs139380031(1),rs150507409(1)",-1.10886,0.0844284,C,T,metabolite_100001287
7,1,rs12538820,99340049,8.21e-12,0,0,0,0,0,0,NONE,-0.344676,0.0504292,A,G,metabolite_100001287
2,1,rs13410232,73871689,6e-51,12,0,0,0,0,12,"rs56145559(1),rs10496190(1),rs6730785(1),rs76197226(1),rs79234109(1),rs2421582(1),rs111267264(1),rs73949333(1),rs11674212(1),rs13022837(1),rs2567603(1),rs13006598(1)",0.233361,0.0155435,T,A,metabolite_100001256
2,1,rs7576824,73611281,1.39e-30,4,0,0,0,0,4,"rs6752270(1),rs11885217(1),rs11126395(1),rs62149630(1)",0.171804,0.0149452,G,A,metabolite_100001256
2,1,rs62149622,73535292,6.61e-18,0,0,0,0,0,0,NONE,0.147235,0.0170775,C,A,metabolite_100001256
8,1,rs4921914,18272438,3.2300000000000003e-47,8,0,0,0,0,8,"rs10088180(1),rs13277738(1),rs10085931(1),rs11780610(1),rs12674710(1),rs34537991(1),rs7015972(1),rs34370554(1)",-0.613724,0.0425234,T,C,metabolite_100001402
8,1,rs1041983,18257795,3.06e-19,3,0,0,0,0,3,"rs6991507(1),rs1112005(1),rs949757(1)",-0.3781,0.0421671,T,C,metabolite_100001402
8,1,rs1018070,18273627,1.42e-18,1,0,0,0,0,1,rs73207887(1),0.858364,0.0975836,A,T,metabolite_100001402
8,1,rs13267946,18270279,7.29e-13,1,0,0,0,0,1,rs45547533(1),0.722992,0.10078,G,A,metabolite_100001402
8,1,rs62493027,18274678,2.1e-12,0,0,0,0,0,0,NONE,0.568179,0.0808451,C,T,metabolite_100001402
8,1,rs2047252,18237987,1.28e-11,0,0,0,0,0,0,NONE,-0.377895,0.055815,C,T,metabolite_100001402
2,1,rs1047891,211540507,1.94e-15,0,0,0,0,0,0,NONE,0.162222,0.020418,A,C,metabolite_100001452
11,1,rs174594,61619829,7.03e-13,2,0,0,0,0,2,"rs174541(1),rs28456(1)",0.0723481,0.0100781,A,C,metabolite_100001571
17,1,rs78625720,73140941,7.470000000000001e-37,4,0,0,0,0,4,"rs78225362(1),rs75982824(1),rs2307009(1),rs117844704(1)",-0.573547,0.0452266,A,G,metabolite_100001416
17,1,rs78952063,73505998,5.99e-23,0,0,0,0,0,0,NONE,-0.453962,0.0460241,A,G,metabolite_100001416
22,1,rs131785,50980071,3.43e-13,1,0,0,0,0,1,rs131805(1),-0.0627844,0.00862869,A,G,metabolite_100001446
2,1,rs13431529,73876041,1.2300000000000001e-121,12,0,0,0,0,12,"rs10207970(1),rs76197226(1),rs79234109(1),rs12472502(1),rs12620091(1),rs111267264(1),rs73949333(1),rs11674212(1),rs12997018(1),rs4852316(1),rs2567603(1),rs2462127(1)",0.634452,0.0270522,C,G,metabolite_100001577
2,1,rs11679809,73624844,4.81e-98,6,0,0,0,0,6,"rs17349049(1),rs6752270(1),rs11885217(1),rs11898362(1),rs62151562(1),rs7576824(1)",0.587434,0.0279534,T,C,metabolite_100001577
2,1,rs113165835,73854145,1.3700000000000002e-21,5,0,0,0,0,5,"rs1881244(1),rs28525015(1),rs76498150(1),rs185876251(1),rs115920572(1)",0.607844,0.0636864,G,C,metabolite_100001577
2,1,rs17349818,73792207,6.91e-20,2,0,0,0,0,2,"rs75211246(1),rs111321729(1)",0.55801,0.0611247,G,A,metabolite_100001577
2,1,rs78562500,73578223,1.07e-18,2,0,0,0,0,2,"rs113541710(1),rs113868473(1)",0.563199,0.0638014,G,T,metabolite_100001577
2,1,rs7566009,74085228,4.77e-17,3,0,0,0,0,3,"rs4852983(1),rs3813230(1),rs744683(1)",0.25873,0.0308298,G,A,metabolite_100001577
2,1,rs6742619,73905591,9.24e-17,1,0,0,0,0,1,rs10193032(1),-0.250674,0.0301503,C,T,metabolite_100001577
2,1,rs11679202,73666997,8.13e-16,1,0,0,0,0,1,rs62149779(1),0.419549,0.0521031,G,A,metabolite_100001577
2,1,rs115846118,73872682,7.19e-15,1,0,0,0,0,1,rs145571326(1),0.584964,0.075177,G,A,metabolite_100001577
8,1,rs1495741,18272881,5.07e-13,1,0,0,0,0,1,rs11780610(1),0.27387,0.0379142,A,G,metabolite_100001405
11,1,rs174594,61619829,2.7000000000000003e-28,10,0,0,0,0,10,"rs108499(1),rs174533(1),rs174559(1),rs174573(1),rs174598(1),rs174604(1),rs422249(1),rs174448(1),rs174455(1),rs174465(1)",0.159485,0.0144575,A,C,metabolite_100001551
11,1,rs2072114,61605215,3.78e-14,0,0,0,0,0,0,NONE,-0.155069,0.0204893,G,A,metabolite_100001551
11,1,rs509360,61548559,2.33e-11,0,0,0,0,0,0,NONE,-0.104573,0.0156454,G,A,metabolite_100001551
12,1,rs1871395,21352315,1.79e-19,5,0,0,0,0,5,"rs2417961(1),rs67981690(1),rs56165099(1),rs77289848(1),rs73069021(1)",0.240147,0.0266074,G,A,metabolite_100001613
12,1,rs1871395,21352315,1.26e-23,6,0,0,0,0,6,"rs2417961(1),rs67981690(1),rs56165099(1),rs77289848(1),rs73069021(1),rs58989256(1)",0.250124,0.0249662,G,A,metabolite_100001614
12,1,rs11045913,21416413,5.55e-12,0,0,0,0,0,0,NONE,0.139785,0.0202856,G,A,metabolite_100001614
2,1,rs1047891,211540507,1.46e-11,0,0,0,0,0,0,NONE,0.114481,0.0169554,A,C,metabolite_100001590
11,1,rs174594,61619829,3.67e-26,9,0,0,0,0,9,"rs174534(1),rs174559(1),rs1535(1),rs174591(1),rs174600(1),rs174604(1),rs422249(1),rs174449(1),rs174455(1)",0.161977,0.0153091,A,C,metabolite_100001554
11,1,rs2072114,61605215,5.35e-15,0,0,0,0,0,0,NONE,-0.168582,0.0215623,G,A,metabolite_100001554
19,1,rs8012,13010520,2.37e-19,1,0,0,0,0,1,rs2974754(1),-0.151705,0.0168665,G,A,metabolite_100001593
11,1,rs1535,61597972,7.100000000000001e-44,13,0,0,0,0,13,"rs108499(1),rs174559(1),rs968567(1),rs174570(1),rs174572(1),rs174582(1),rs174598(1),rs174601(1),rs174603(1),rs174604(1),rs422249(1),rs174449(1),rs174455(1)",-0.0952314,0.00685518,G,A,metabolite_100001869
11,1,rs2072114,61605215,3.2e-20,1,0,0,0,0,1,rs2851682(1),-0.0882651,0.00958134,G,A,metabolite_100001869
11,1,rs174458,61656995,3.21e-16,4,0,0,0,0,4,"rs174622(1),rs174623(1),rs174451(1),rs174454(1)",0.0619275,0.0075843,T,C,metabolite_100001869
11,1,rs174471,61670037,9.16e-13,1,0,0,0,0,1,rs174475(1),0.0540042,0.00756085,T,C,metabolite_100001869
11,1,rs509360,61548559,1.13e-11,0,0,0,0,0,0,NONE,-0.0502766,0.0074062,G,A,metabolite_100001869
11,1,rs174532,61548874,1.51e-11,0,0,0,0,0,0,NONE,0.0566466,0.00839595,A,G,metabolite_100001869
17,1,rs13894,7529902,3.72e-19,1,0,0,0,0,1,rs9901675(1),-0.140772,0.0157377,A,G,metabolite_100001734
7,1,rs45446698,99332948,4.15e-15,1,0,0,0,0,1,rs11568824(1),-0.809071,0.103062,G,T,metabolite_100001987
7,1,rs148982377,99075038,4.44e-12,0,0,0,0,0,0,NONE,-0.71265,0.10295,C,T,metabolite_100001987
12,1,rs4149056,21331549,3.14e-11,1,0,0,0,0,1,rs4149052(1),0.231312,0.0348359,C,T,metabolite_100001990
15,1,rs2652823,63421110,6.5e-29,18,0,0,0,0,18,"rs2729804(1),rs55703462(1),rs34367270(1),rs8468(1),rs7165016(1),rs55862039(1),rs7178875(1),rs2588859(1),rs2588860(1),rs62012880(1),rs1992620(1),rs4984257(1),rs7176591(1),rs745338(1),rs16946801(1),rs1043256(1),rs1043239(1),rs11632401(1)",-0.151064,0.0135379,A,T,metabolite_100001948
15,1,rs6494397,63460009,2.86e-14,3,0,0,0,0,3,"rs11071735(1),rs959125(1),rs28386949(1)",-0.121349,0.0159577,C,A,metabolite_100001948
15,1,rs1126312,63427638,4.76e-13,0,0,0,0,0,0,NONE,-0.121785,0.0168401,G,A,metabolite_100001948
2,1,rs6742078,234672639,1.53e-22,9,0,0,0,0,9,"rs2741012(1),rs11692664(1),rs7608175(1),rs7583278(1),rs6744284(1),rs7564935(1),rs13009407(1),rs4663971(1),rs33979061(1)",0.176127,0.018029,T,G,metabolite_100001951
19,1,rs212100,48376995,1.86e-14,2,0,0,0,0,2,"rs182420(1),rs2972516(1)",0.32675,0.0426577,C,T,metabolite_100001992
6,1,rs6909187,25785925,4.89e-16,2,0,0,0,0,2,"rs4419666(1),rs765285(1)",-0.248746,0.0306554,T,C,metabolite_100001733
19,1,rs296383,48370888,3.5e-27,6,0,0,0,0,6,"rs8100396(1),rs10408997(1),rs182420(1),rs296365(1),rs2972615(1),rs58780458(1)",0.378341,0.0350363,G,A,metabolite_100001993
7,1,rs80218044,99271606,2.37e-11,0,0,0,0,0,0,NONE,-0.957428,0.143305,T,G,metabolite_100002024
2,1,rs6742078,234672639,6.94e-27,9,0,0,0,0,9,"rs2741012(1),rs7571915(1),rs10175809(1),rs2012734(1),rs6744284(1),rs6431625(1),rs17862873(1),rs10179091(1),rs33979061(1)",0.234651,0.0218575,T,G,metabolite_100001950
12,1,rs4149056,21331549,1.36e-33,9,0,0,0,0,9,"rs57446937(1),rs56148886(1),rs2417966(1),rs67981690(1),rs56165099(1),rs77289848(1),rs73063122(1),rs58989256(1),rs4149000(1)",0.295285,0.0244455,C,T,metabolite_100001989
12,1,rs11045913,21416413,5.69e-16,4,0,0,0,0,4,"rs11045833(1),rs11045834(1),rs11045856(1),rs12809888(1)",0.152558,0.0188444,G,A,metabolite_100001989
12,1,rs17329885,21328565,5.88e-16,3,0,0,0,0,3,"rs10841753(1),rs71446756(1),rs7957274(1)",-0.199845,0.0246975,C,T,metabolite_100001989
12,1,rs4149057,21331599,4.69e-12,0,0,0,0,0,0,NONE,-0.129051,0.0186633,C,T,metabolite_100001989
11,1,rs174566,61592362,5.02e-18,4,0,0,0,0,4,"rs108499(1),rs174559(1),rs174600(1),rs97384(1)",0.180679,0.0208805,G,A,metabolite_100001870
15,1,rs7350789,58679668,2.21e-13,2,0,0,0,0,2,"rs1532085(1),rs12905732(1)",0.159563,0.0217527,A,G,metabolite_100001870
15,1,rs1800588,58723675,1.01e-11,0,0,0,0,0,0,NONE,0.161067,0.0236673,T,C,metabolite_100001870
7,1,rs45446698,99332948,3.1699999999999996e-23,2,0,0,0,0,2,"rs118168183(1),rs11568824(1)",-0.909566,0.0916239,G,T,metabolite_100002018
7,1,rs148982377,99075038,3.21e-17,1,0,0,0,0,1,rs139380031(1),-0.777076,0.0920853,C,T,metabolite_100002018
7,1,rs45446698,99332948,4.48e-16,2,0,0,0,0,2,"rs118168183(1),rs11568824(1)",0.653167,0.0803913,G,T,metabolite_100002152
7,1,rs148982377,99075038,7.76e-16,0,0,0,0,0,0,NONE,0.643209,0.0798233,C,T,metabolite_100002152
19,1,rs62107762,15982538,5.57e-14,2,0,0,0,0,2,"rs56228205(1),rs11086006(1)",-0.214361,0.0285137,G,C,metabolite_100002094
19,1,rs212100,48376995,1.03e-15,1,0,0,0,0,1,rs2972516(1),0.292655,0.0364785,C,T,metabolite_100002027
7,1,rs45446698,99332948,2.96e-15,1,0,0,0,0,1,rs11568824(1),-0.589451,0.0746859,G,T,metabolite_100002027
7,1,rs148982377,99075038,4.7e-12,0,0,0,0,0,0,NONE,-0.516028,0.0746318,C,T,metabolite_100002027
11,1,rs174592,61618608,5.2e-11,0,0,0,0,0,0,NONE,-0.107435,0.0163646,G,A,metabolite_100002063
1,1,rs12134854,76137606,1.17e-13,1,0,0,0,0,1,rs11161620(1),-0.160367,0.0216109,C,T,metabolite_100002259
7,1,rs45446698,99332948,1.07e-37,5,0,0,0,0,5,"rs10278040(1),rs118168183(1),rs11568824(1),rs148100109(1),rs11761383(1)",1.07919,0.084093,G,T,metabolite_100002126
7,1,rs148982377,99075038,1.66e-35,2,0,0,0,0,2,"rs139380031(1),rs150507409(1)",1.04238,0.0838188,C,T,metabolite_100002126
7,1,rs76657705,99428204,1.28e-12,0,0,0,0,0,0,NONE,0.629785,0.0887452,G,C,metabolite_100002126
1,1,rs324420,46870761,1.09e-11,0,0,0,0,0,0,NONE,0.110633,0.0162851,A,C,metabolite_100003686
2,1,rs13538,73868328,4.58e-11,0,0,0,0,0,0,NONE,-0.341782,0.05191,G,A,metabolite_100003473
11,1,rs80276717,62831564,9.22e-43,7,0,0,0,0,7,"rs118006559(1),rs80237154(1),rs116584003(1),rs112295236(1),rs150251016;rs58623338;rs150251016(1),rs488633(1),rs59922153(1)",0.777884,0.0567509,T,C,metabolite_100002761
11,1,rs113840505,63101330,9.97e-19,0,0,0,0,0,0,NONE,0.494134,0.0559264,A,G,metabolite_100002761
11,1,rs11231322,62814234,6.44e-12,0,0,0,0,0,0,NONE,0.239325,0.0348381,T,C,metabolite_100002761
1,1,rs28415528,151879761,8.38e-31,9,0,0,0,0,9,"rs998454(1),rs16833599(1),rs57266313;rs200271793;rs200271793;rs57266313(1),rs12067594(1),rs56313205(1),rs11589720(1),rs2999531(1),rs2012674(1),rs2999561(1)",-0.280997,0.0243517,A,G,metabolite_100002796
1,1,rs211718,76106675,1.84e-13,0,0,0,0,0,0,NONE,0.193235,0.0262554,C,T,metabolite_100002796
1,1,rs7551136,76167040,1.08e-11,0,0,0,0,0,0,NONE,-0.158507,0.0233253,T,C,metabolite_100002796
2,1,rs13431529,73876041,1.7999999999999997e-55,10,0,0,0,0,10,"rs13008860(1),rs76197226(1),rs2421668(1),rs78941213(1),rs12620091(1),rs111267264(1),rs73949333(1),rs11674212(1),rs2421558(1),rs2567603(1)",-0.488115,0.0311119,C,G,metabolite_100004523
2,1,rs11679809,73624844,8.02e-48,6,0,0,0,0,6,"rs62149622(1),rs6752270(1),rs11885217(1),rs11126395(1),rs6546829(1),rs62151564(1)",-0.450409,0.0310022,T,C,metabolite_100004523
2,1,rs35528262,73955125,1.5e-18,4,0,0,0,0,4,"rs6742619(1),rs10193032(1),rs6546875(1),rs1036113(1)",0.23719,0.0269842,C,G,metabolite_100004523
2,1,rs17349818,73792207,4.59e-15,2,0,0,0,0,2,"rs75211246(1),rs111321729(1)",-0.460479,0.0587531,G,A,metabolite_100004523
2,1,rs115677390,73897764,2e-12,0,0,0,0,0,0,NONE,-0.506086,0.071944,A,G,metabolite_100004523
2,1,rs13421907,73903043,6.45e-12,0,0,0,0,0,0,NONE,-0.369805,0.0538336,A,G,metabolite_100004523
2,1,rs3813230,74093652,2.48e-11,0,0,0,0,0,0,NONE,-0.199726,0.0299232,C,T,metabolite_100004523
2,1,rs13410232,73871689,2.09e-18,2,0,0,0,0,2,"rs56145559(1),rs73949333(1)",-0.211839,0.0242037,T,A,metabolite_100004227
2,1,rs6546829,73613789,1.26e-11,0,0,0,0,0,0,NONE,-0.15413,0.0227557,G,C,metabolite_100004227
2,1,rs6742078,234672639,1.42e-28,10,0,0,0,0,10,"rs6431558;rs45451798;rs6431558(1),rs2602374(1),rs11692664(1),rs7608175(1),rs2012734(1),rs6744284(1),rs7576166(1),rs17862873(1),rs10179091(1),rs33979061(1)",0.164483,0.0148334,T,G,metabolite_100003696
14,1,rs35372182,64236157,2.19e-11,0,0,0,0,0,0,NONE,0.0863614,0.0129042,G,A,metabolite_100004328
2,1,rs13410232,73871689,1.7799999999999998e-83,13,0,0,0,0,13,"rs56145559(1),rs111845822(1),rs10207970(1),rs12472502(1),rs7582051(1),rs12620091(1),rs111267264(1),rs73949333(1),rs11674212(1),rs7608328(1),rs4852316(1),rs2567603(1),rs2462127(1)",0.510779,0.0263871,T,A,metabolite_100004299
2,1,rs62151564,73615449,5.07e-49,7,0,0,0,0,7,"rs62149622(1),rs10172677(1),rs10206188(1),rs11885217(1),rs11126395(1),rs6706235(1),rs11679202(1)",0.462587,0.0314337,G,A,metabolite_100004299
2,1,rs17349818,73792207,1.7e-15,2,0,0,0,0,2,"rs75211246(1),rs111321729(1)",0.4453,0.0559342,G,A,metabolite_100004299
2,1,rs6742619,73905591,2.3e-14,0,0,0,0,0,0,NONE,-0.2097,0.0274745,C,T,metabolite_100004299
2,1,rs13421907,73903043,1.63e-13,1,0,0,0,0,1,rs115146477(1),0.379635,0.0514688,A,G,metabolite_100004299
2,1,rs115846118,73872682,3.04e-12,0,0,0,0,0,0,NONE,0.478125,0.0685413,G,A,metabolite_100004299
2,1,rs78562500,73578223,1.99e-11,0,0,0,0,0,0,NONE,0.39401,0.0587487,G,T,metabolite_100004299
2,1,rs7594485,74070186,4.7e-11,0,0,0,0,0,0,NONE,0.183792,0.0279314,T,C,metabolite_100004299
2,1,rs9653557,73795962,1.3e-14,0,0,0,0,0,0,NONE,0.197763,0.0256631,C,A,metabolite_100004575
8,1,rs11993554,145111529,1.14e-13,0,0,0,0,0,0,NONE,0.206062,0.0277568,G,A,metabolite_100004499
12,1,rs4149056,21331549,1.13e-24,8,0,0,0,0,8,"rs2417961(1),rs2417966(1),rs67981690(1),rs56165099(1),rs77289848(1),rs12318075(1),rs12371604(1),rs4149000(1)",0.270449,0.0263734,C,T,metabolite_100005996
4,1,rs75544042;rs2199936;rs75544042,89045331,3.63e-13,0,0,0,0,0,0,NONE,-0.226628,0.0311781,G,A,metabolite_100006082
11,1,rs77850617,62812016,3.88e-19,4,0,0,0,0,4,"rs111865050(1),rs116584003(1),rs1939768(1),rs113524304(1)",0.526131,0.0588493,C,G,metabolite_100005403
4,1,rs453881,22806763,6.17e-28,2,0,0,0,0,2,"rs358252(1),rs370843(1)",-0.549818,0.050181,C,T,metabolite_100005864
2,1,rs1047891,211540507,4.85e-13,0,0,0,0,0,0,NONE,0.193756,0.0268008,A,C,metabolite_100005850
15,1,rs7350789,58679668,3.62e-12,0,0,0,0,0,0,NONE,0.108412,0.0155955,A,G,metabolite_100008977
15,1,rs1077835,58723426,4.22e-11,0,0,0,0,0,0,NONE,0.111115,0.0168457,G,A,metabolite_100008977
11,1,rs174564,61588305,1.02e-14,2,0,0,0,0,2,"rs174559(1),rs97384(1)",-0.12492,0.0161462,G,A,metabolite_100008918
1,1,rs11581518,53672028,7.18e-16,2,0,0,0,0,2,"rs7531337(1),rs11576903(1)",0.205726,0.0255008,G,A,metabolite_100006614
15,1,rs80123226,58676032,2.58e-13,3,0,0,0,0,3,"rs1601935(1),rs261290(1),rs2414577(1)",0.153041,0.0209228,T,A,metabolite_100008992
15,1,rs12905732,58683542,6.17e-12,0,0,0,0,0,0,NONE,0.167626,0.0243797,C,G,metabolite_100008992
11,1,rs1573558,110247797,1.2e-19,1,0,0,0,0,1,rs1838058(1),0.149346,0.0164674,T,C,metabolite_100006370
11,1,rs1443120,110244228,4.81e-13,0,0,0,0,0,0,NONE,-0.14348,0.0198433,G,C,metabolite_100006370
12,1,rs4149056,21331549,9.51e-17,4,0,0,0,0,4,"rs67981690(1),rs56165099(1),rs73063122(1),rs58989256(1)",0.395931,0.0476407,C,T,metabolite_100006642
12,1,rs11045856,21350689,1.74e-13,0,0,0,0,0,0,NONE,-0.302366,0.0410393,G,T,metabolite_100006642
4,1,rs3775298,187150478,2.1e-11,0,0,0,0,0,0,NONE,0.179421,0.0267847,G,A,metabolite_100008951
11,1,rs174561,61582708,8.29e-13,1,0,0,0,0,1,rs174580(1),-0.125803,0.0175796,C,T,metabolite_100008989
15,1,rs261290,58678720,3.63e-19,9,0,0,0,0,9,"rs1601935(1),rs80123226(1),rs2414577(1),rs12905732(1),rs174418(1),rs397923(1),rs12906722(1),rs12440217(1),rs422137(1)",-0.201366,0.0225051,C,T,metabolite_100008991
15,1,rs1800588,58723675,1.68e-11,0,0,0,0,0,0,NONE,0.167052,0.0248161,T,C,metabolite_100008991
15,1,rs35853021,58680643,1.54e-13,3,0,0,0,0,3,"rs2043082(1),rs1532085(1),rs11853674(1)",0.132851,0.0179921,T,G,metabolite_100008976
12,1,rs4149056,21331549,1.54e-11,1,0,0,0,0,1,rs67981690(1),0.303733,0.0450359,C,T,metabolite_100006644
11,1,rs174564,61588305,5.84e-13,1,0,0,0,0,1,rs97384(1),-0.0843438,0.0117077,G,A,metabolite_100009014
11,1,rs174574,61600342,4.65e-29,10,0,0,0,0,10,"rs174530(1),rs174538(1),rs174549(1),rs174572(1),rs2072114(1),rs174600(1),rs97384(1),rs174604(1),rs174448(1),rs174455(1)",0.0812513,0.00726218,C,A,metabolite_100008914
11,1,rs174583,61609750,4.14e-22,10,0,0,0,0,10,"rs174530(1),rs174538(1),rs174549(1),rs174575(1),rs2072114(1),rs174593(1),rs174598(1),rs97384(1),rs174604(1),rs174448(1)",-0.142638,0.0147543,T,C,metabolite_100009122
15,1,rs1077835,58723426,1.64e-13,0,0,0,0,0,0,NONE,0.142726,0.0193525,G,A,metabolite_100008990
15,1,rs35853021,58680643,4.3e-13,3,0,0,0,0,3,"rs2043082(1),rs1532085(1),rs12905732(1)",0.124679,0.0172074,T,G,metabolite_100008990
11,1,rs174564,61588305,3.58e-47,15,0,0,0,0,15,"rs108499(1),rs174559(1),rs968567(1),rs174570(1),rs174572(1),rs174579(1),rs174597(1),rs174600(1),rs97384(1),rs174603(1),rs174604(1),rs174608(1),rs422249(1),rs174448(1),rs174455(1)",-0.197072,0.0136615,G,A,metabolite_100009124
11,1,rs2072114,61605215,2.53e-19,1,0,0,0,0,1,rs2851682(1),-0.173317,0.0192845,G,A,metabolite_100009124
11,1,rs174454,61650747,3.59e-16,5,0,0,0,0,5,"rs174622(1),rs174623(1),rs174451(1),rs174458(1),rs174462(1)",0.131822,0.0161714,A,G,metabolite_100009124
11,1,rs509360,61548559,5.5e-14,0,0,0,0,0,0,NONE,-0.111322,0.0148044,G,A,metabolite_100009124
11,1,rs174554,61579463,1.7e-16,3,0,0,0,0,3,"rs174534(1),rs174559(1),rs97384(1)",0.18886,0.0229162,G,A,metabolite_100009078
15,1,rs35853021,58680643,1.08e-11,0,0,0,0,0,0,NONE,0.15773,0.0232129,T,G,metabolite_100009078
11,1,rs174574,61600342,5.02e-13,1,0,0,0,0,1,rs174549(1),0.141256,0.0195518,C,A,metabolite_100010937
15,1,rs79361169,89498171,3.86e-11,0,0,0,0,0,0,NONE,-0.426315,0.0645018,A,G,metabolite_100009219
11,1,rs174537,61552680,1.47e-13,2,0,0,0,0,2,"rs174572(1),rs174592(1)",0.177904,0.0240749,T,G,metabolite_100009215
15,1,rs12905732,58683542,4.23e-11,0,0,0,0,0,0,NONE,0.205123,0.0310987,C,G,metabolite_100009215
11,1,rs174573,61600327,1.2999999999999998e-24,9,0,0,0,0,9,"rs2269928(1),rs7943728(1),rs108499(1),rs174537(1),rs174559(1),rs174579(1),rs174592(1),rs174597(1),rs174598(1)",0.231301,0.0225856,A,G,metabolite_100009378
11,1,rs174605,61626921,6.04e-12,0,0,0,0,0,0,NONE,0.160369,0.023314,T,G,metabolite_100009378
11,1,rs174537,61552680,8.5e-26,12,0,0,0,0,12,"rs108499(1),rs61896141(1),rs174559(1),rs174573(1),rs174579(1),rs174592(1),rs174600(1),rs174603(1),rs174604(1),rs422249(1),rs174449(1),rs174455(1)",0.163072,0.0155284,T,G,metabolite_100009184
11,1,rs174454,61650747,3.96e-11,0,0,0,0,0,0,NONE,-0.117374,0.0177693,A,G,metabolite_100009184
14,1,rs1077989,67975822,4.86e-14,0,0,0,0,0,0,NONE,-0.0931949,0.0123671,C,A,metabolite_100009160
12,1,rs4149056,21331549,5.7900000000000005e-80,9,0,0,0,0,9,"rs4149044(1),rs56148886(1),rs2417966(1),rs67981690(1),rs4149067(1),rs77289848(1),rs73063122(1),rs58989256(1),rs16923647(1)",0.825113,0.0435744,C,T,metabolite_100009264
12,1,rs11045856,21350689,3.63e-30,14,0,0,0,0,14,"rs11045655(1),rs1910183(1),rs11045768(1),rs4149034(1),rs10841753(1),rs12821228(1),rs113705801(1),rs11045833(1),rs11045834(1),rs71446757(1),rs10841761(1),rs12809888(1),rs11045913(1),rs11045978(1)",-0.46646,0.0408735,G,T,metabolite_100009264
12,1,rs4149057,21331599,5.68e-19,1,0,0,0,0,1,rs4149033(1),-0.317631,0.0356967,C,T,metabolite_100009264
12,1,rs59710386,21284010,1.04e-18,7,0,0,0,0,7,"rs6487175(1),rs146669952(1),rs77623305(1),rs79925842(1),rs77243804(1),rs11045945(1),rs112416264(1)",0.810171,0.0917461,C,A,metabolite_100009264
12,1,rs4149127,21017288,2.65e-12,0,0,0,0,0,0,NONE,-0.405024,0.0579001,G,A,metabolite_100009264
12,1,rs4148998,21450917,3.02e-12,2,0,0,0,0,2,"rs10841781(1),rs4148992(1)",-0.328312,0.0470571,A,G,metabolite_100009264
12,1,rs77601604,21384394,3.05e-12,0,0,0,0,0,0,NONE,0.780562,0.111904,C,T,metabolite_100009264
12,1,rs34100556,20898074,4.77e-12,0,0,0,0,0,0,NONE,-0.414119,0.0599097,A,G,metabolite_100009264
12,1,rs73062310,21320501,1.25e-11,1,0,0,0,0,1,rs73079474(1),0.920435,0.135882,T,C,metabolite_100009264
11,1,rs174534,61549458,1.82e-15,5,0,0,0,0,5,"rs174536(1),rs174559(1),rs174573(1),rs174579(1),rs174592(1)",0.0918125,0.0115447,G,A,metabolite_100009148
11,1,rs4246215,61564299,6.71e-12,0,0,0,0,0,0,NONE,0.0718105,0.0104623,T,G,metabolite_100009364
11,1,rs174564,61588305,3.89e-20,5,0,0,0,0,5,"rs174534(1),rs174559(1),rs174575(1),rs174598(1),rs97384(1)",-0.173013,0.0188242,G,A,metabolite_100010936
11,1,rs28456,61589481,2.05e-12,0,0,0,0,0,0,NONE,-0.120834,0.0171853,G,A,metabolite_100010949
14,1,rs1077989,67975822,8.64e-15,0,0,0,0,0,0,NONE,-0.0737074,0.00950108,C,A,metabolite_100009162
19,1,rs3752246,1056492,9.83e-14,0,0,0,0,0,0,NONE,0.147726,0.019847,C,G,metabolite_100015620
19,1,rs3764648,1044753,5.64e-13,0,0,0,0,0,0,NONE,0.11777,0.0163365,C,T,metabolite_100015620
11,1,rs174601,61623140,5.31e-14,2,0,0,0,0,2,"rs174535(1),rs28456(1)",-0.0838204,0.0111402,T,C,metabolite_100009166
11,1,rs102275,61557803,1.04e-13,0,0,0,0,0,0,NONE,-0.163995,0.0220565,C,T,metabolite_100010922
20,1,rs438568,12958687,1.2e-12,0,0,0,0,0,0,NONE,-0.141718,0.0199459,G,A,metabolite_100015786
8,1,rs13257414,87494138,5.23e-12,0,0,0,0,0,0,NONE,0.112089,0.0162469,T,C,metabolite_100015834
9,1,rs7048932,131687338,4.32e-56,7,0,0,0,0,7,"rs7049155(1),rs10988155(1),rs10739740(1),rs12001663(1),rs17455517(1),rs4837333(1),rs56046505(1)",0.217429,0.0137794,C,T,metabolite_100010896
9,1,rs11564099,131836402,1.35e-18,1,0,0,0,0,1,rs1574303(1),0.126801,0.0144068,C,A,metabolite_100010896
9,1,rs10988156,131690509,7.78e-15,0,0,0,0,0,0,NONE,-0.128233,0.0165011,T,C,metabolite_100010896
9,1,rs17432804,131699750,5.99e-14,0,0,0,0,0,0,NONE,0.160022,0.0213125,T,C,metabolite_100010896
20,1,rs4814175,12959094,1.22e-11,0,0,0,0,0,0,NONE,-0.113604,0.0167604,T,A,metabolite_100015727
6,1,rs12210538,110760008,6.69e-12,0,0,0,0,0,0,NONE,-0.13305,0.0193831,G,A,metabolite_100015837
2,1,rs111540621,73854394,8.07e-29,14,0,0,0,0,14,"rs6747145(1),rs62151564(1),rs56145559(1),rs111845822(1),rs10496190(1),rs6730785(1),rs78941213(1),rs2421582(1),rs111267264(1),rs73949333(1),rs7608328(1),rs4852316(1),rs2567601(1),rs2462127(1)",0.273267,0.0245315,G,C,metabolite_100020204
2,1,rs11885217,73553208,3.36e-15,1,0,0,0,0,1,rs11898362(1),0.186822,0.0237176,G,A,metabolite_100020204
2,1,rs17349049,73529077,4e-11,0,0,0,0,0,0,NONE,0.178432,0.0270184,A,G,metabolite_100020204
16,1,rs4889286,81256713,8.16e-16,0,0,0,0,0,0,NONE,-0.140871,0.0174958,T,C,metabolite_100015966
16,1,rs4889286,81256713,1.25e-11,0,0,0,0,0,0,NONE,-0.134075,0.0197911,T,C,metabolite_100015967
20,1,rs438568,12958687,1.91e-21,1,0,0,0,0,1,rs3903703(1),-0.167159,0.0175771,G,A,metabolite_100015792
7,1,rs45446698,99332948,8.19e-20,1,0,0,0,0,1,rs11568824(1),0.923875,0.101406,G,T,metabolite_100020214
7,1,rs148982377,99075038,3.61e-17,0,0,0,0,0,0,NONE,0.852629,0.101203,C,T,metabolite_100020214
4,1,rs358241,22807237,6.67e-37,3,0,0,0,0,3,"rs55897773(1),rs358252(1),rs370843(1)",-0.730455,0.0575589,G,A,metabolite_100020377
22,1,rs5751775,24266726,3.54e-20,5,0,0,0,0,5,"rs5760096(1),rs4461358(1),rs4822457(1),rs113413(1),rs9608229(1)",0.117249,0.0127426,C,T,metabolite_100020219
22,1,rs9620341,24312589,4.26e-12,0,0,0,0,0,0,NONE,-0.173182,0.0249961,A,G,metabolite_100020219
22,1,rs5751777,24267047,1.38e-12,1,0,0,0,0,1,rs6003989(1),0.121157,0.0170973,T,C,metabolite_100020372
12,1,rs4149056,21331549,5.59e-18,3,0,0,0,0,3,"rs67981690(1),rs56165099(1),rs7969341(1)",0.373717,0.0432512,C,T,metabolite_100019982
12,1,rs1871395,21352315,3.71e-29,8,0,0,0,0,8,"rs4149042(1),rs2417961(1),rs67981690(1),rs56165099(1),rs77289848(1),rs4149083(1),rs12371604(1),rs4149000(1)",0.259853,0.0231839,G,A,metabolite_100019978
12,1,rs11045913,21416413,2.72e-15,3,0,0,0,0,3,"rs11045833(1),rs11045834(1),rs11045856(1)",0.149513,0.0189177,G,A,metabolite_100019978
12,1,rs10841753,21321370,2.52e-13,1,0,0,0,0,1,rs11045819(1),-0.164249,0.0224447,C,T,metabolite_100019978
12,1,rs4149033,21317810,3.04e-11,0,0,0,0,0,0,NONE,-0.156151,0.0235005,G,A,metabolite_100019978
12,1,rs58310495,21357711,1.17e-26,9,0,0,0,0,9,"rs4149042(1),rs2417961(1),rs2417966(1),rs67981690(1),rs56165099(1),rs77289848(1),rs4149083(1),rs12371604(1),rs4149000(1)",0.255396,0.0238973,T,C,metabolite_100019975
12,1,rs11045913,21416413,1.32e-14,1,0,0,0,0,1,rs11045833(1),0.149473,0.0194013,G,A,metabolite_100019975
12,1,rs4149057,21331599,5.03e-12,1,0,0,0,0,1,rs4149033(1),-0.132295,0.0191602,C,T,metabolite_100019975
12,1,rs10841753,21321370,4.81e-11,0,0,0,0,0,0,NONE,-0.151912,0.0230981,C,T,metabolite_100019975
19,1,rs212100,48376995,9.22e-34,6,0,0,0,0,6,"rs10408997(1),rs296366(1),rs2910393(1),rs296371(1),rs2972615(1),rs2972516(1)",0.435317,0.0359434,C,T,metabolite_100021104
7,1,rs12334072,99251707,1.0699999999999999e-34,14,0,0,0,0,14,"rs73403272(1),rs10229569(1),rs10238028(1),rs79694709(1),rs1419745(1),rs4646450(1),rs6977165(1),rs72494453(1),rs2687135(1),rs2741872(1),rs2014764(1),rs12536946(1),rs6956344(1),rs4646437(1)",-0.502832,0.0409262,G,A,metabolite_100021331
7,1,rs56236139,98930539,7.37e-29,5,0,0,0,0,5,"rs886620(1),rs60612724(1),rs17161652(1),rs10267346(1),rs2301889(1)",-0.465013,0.0417148,T,A,metabolite_100021331
7,1,rs143524414,98965615,1.05e-18,5,0,0,0,0,5,"rs6651108(1),rs143131992(1),rs142843399(1),rs151336377;rs151336377;rs113750827;rs113750827;rs151336377(1),rs138491865(1)",-0.541184,0.0612907,A,G,metabolite_100021331
7,1,rs45532337,99310319,3.9e-15,1,0,0,0,0,1,rs144203939(1),-0.466731,0.0593948,G,A,metabolite_100021331
7,1,rs74560836,98880835,6.47e-13,0,0,0,0,0,0,NONE,-0.678815,0.0944091,C,T,metabolite_100021331
12,1,rs4149056,21331549,1.38e-12,0,0,0,0,0,0,NONE,0.273066,0.0385359,C,T,metabolite_100021331
7,1,rs34337778,98808936,2.11e-12,1,0,0,0,0,1,rs146673720(1),-0.655063,0.0932178,G,T,metabolite_100021331
7,1,rs139761980,99238969,6.4e-12,0,0,0,0,0,0,NONE,-0.707666,0.103,G,A,metabolite_100021331
7,1,rs73405302,99220453,1.09e-11,0,0,0,0,0,0,NONE,-0.748076,0.110104,A,G,metabolite_100021331
7,1,rs12705043,98806158,4.83e-11,0,0,0,0,0,0,NONE,-0.381433,0.058003,T,C,metabolite_100021331
4,1,rs13121671,69491183,2.6299999999999998e-82,5,0,0,0,0,5,"rs1919903(1),rs983745(1),rs13142952(1),rs2708664(1),rs3100649(1)",-0.674682,0.0351073,T,G,metabolite_100020550
4,1,rs140009857,69345334,4.29e-42,3,0,0,0,0,3,"rs111424033(1),rs62298455(1),rs2603159(1)",0.564424,0.0415171,A,T,metabolite_100020550
4,1,rs2708690,69343960,2.47e-22,2,0,0,0,0,2,"rs2060992(1),rs138963027(1)",-0.568276,0.0584637,A,G,metabolite_100020550
4,1,rs13114070,69349893,4.27e-22,1,0,0,0,0,1,rs72607806(1),-0.415737,0.0430172,C,T,metabolite_100020550
4,1,rs1534762,69302024,1.18e-15,0,0,0,0,0,0,NONE,-0.337628,0.0421668,T,C,metabolite_100020550
4,1,rs34976817,69360381,9.37e-14,1,0,0,0,0,1,rs34580149(1),-0.526184,0.0706336,T,G,metabolite_100020550
4,1,rs151263151,69319099,4.38e-12,0,0,0,0,0,0,NONE,-0.515007,0.0743755,A,G,metabolite_100020550
4,1,rs35294647,69319318,7.44e-12,0,0,0,0,0,0,NONE,0.357726,0.0522312,T,A,metabolite_100020550
4,1,rs2091631,69297221,1.22e-11,0,0,0,0,0,0,NONE,-0.2865,0.0422704,G,T,metabolite_100020550
4,1,rs1902023,69536084,1.14e-16,1,0,0,0,0,1,rs75187800(1),0.164328,0.0198252,C,A,metabolite_100022127
4,1,rs138762595,69519875,4e-13,0,0,0,0,0,0,NONE,-0.600697,0.0827901,A,G,metabolite_100022127
2,1,rs887829,234668570,1.2900000000000001e-31,11,0,0,0,0,11,"rs2741023(1),rs2602374(1),rs11692664(1),rs7608175(1),rs2012734(1),rs6744284(1),rs1983023(1),rs17862873(1),rs10179091(1),rs33979061(1),rs7581102(1)",0.274428,0.0234578,T,C,metabolite_100022004
2,1,rs11695484,234654449,6.49e-14,2,0,0,0,0,2,"rs77070100(1),rs17863787(1)",0.265676,0.035434,G,A,metabolite_100022009
2,1,rs887829,234668570,1.88e-24,11,0,0,0,0,11,"rs2741023(1),rs2741034(1),rs7571915(1),rs10175809(1),rs2012734(1),rs6749496(1),rs6744284(1),rs17862873(1),rs10179091(1),rs11673726(1),rs33979061(1)",0.213423,0.0209137,T,C,metabolite_100022007
14,1,rs8014023,73972289,1.95e-15,0,0,0,0,0,0,NONE,-0.180473,0.022717,G,A,metabolite_100021100
14,1,rs11626972,74033594,1.23e-13,0,0,0,0,0,0,NONE,-0.169779,0.0229011,G,A,metabolite_100021100
2,1,rs887829,234668570,1.8700000000000002e-26,10,0,0,0,0,10,"rs2741023(1),rs2741024(1),rs11692664(1),rs7608175(1),rs2012734(1),rs6744284(1),rs7576166(1),rs13009407(1),rs10179091(1),rs33979061(1)",0.217096,0.0203973,T,C,metabolite_100022006
6,1,rs117508020,79097450,1.63e-11,0,0,0,0,0,0,NONE,-0.667016,0.0990216,G,T,metabolite_100021131
2,1,rs13421462,73719875,3.92e-12,0,0,0,0,0,0,NONE,0.132139,0.0190403,C,A,metabolite_100021760
10,1,rs9332238,96748492,4.69e-13,0,0,0,0,0,0,NONE,-0.0880185,0.0121673,A,G,metabolite_999933132
2,1,rs887829,234668570,5.350000000000001e-29,9,0,0,0,0,9,"rs2602374(1),rs11692664(1),rs7608175(1),rs2012734(1),rs6744284(1),rs7576166(1),rs17862873(1),rs10179091(1),rs33979061(1)",0.272687,0.0243994,T,C,metabolite_100022003
2,1,rs11695484,234654449,1.51e-12,1,0,0,0,0,1,rs17863787(1),0.259084,0.0366292,G,A,metabolite_100022008
14,1,rs58231493,74032122,1.38e-51,4,0,0,0,0,4,"rs2108465(1),rs12886060(1),rs12433922(1),rs73295349(1)",-0.42237,0.0279521,T,C,metabolite_100021711
14,1,rs8014023,73972289,1.78e-44,4,0,0,0,0,4,"rs17182286(1),rs10220356(1),rs6574123(1),rs8018967(1)",-0.395267,0.0282527,G,A,metabolite_100021711
14,1,rs11621061,73993369,1.37e-28,9,0,0,0,0,9,"rs177378(1),rs112213845(1),rs61987092(1),rs2058045(1),rs11621227(1),rs17128375(1),rs72738356(1),rs11623765(1),rs113831731(1)",-0.414228,0.0373449,T,C,metabolite_100021711
14,1,rs1074501,73989859,3.26e-28,6,0,0,0,0,6,"rs758109(1),rs4903119(1),rs4903124(1),rs2336136(1),rs1859910(1),rs7143627(1)",-0.346317,0.0314427,T,C,metabolite_100021711
14,1,rs10873259,74056804,2.03e-17,0,0,0,0,0,0,NONE,-0.268043,0.0315646,G,A,metabolite_100021711
14,1,rs35417585,73993018,5.78e-16,3,0,0,0,0,3,"rs4519287(1),rs34842670(1),rs71429008(1)",0.293688,0.0362848,G,A,metabolite_100021711
14,1,rs17782052,74086415,2.67e-12,0,0,0,0,0,0,NONE,-0.381551,0.0545515,A,G,metabolite_100021711
6,1,rs1165209,25801319,1.26e-11,0,0,0,0,0,0,NONE,-0.205905,0.030398,A,G,metabolite_100021711
2,1,rs1047891,211540507,1.93e-16,0,0,0,0,0,0,NONE,0.213767,0.0259857,A,C,metabolite_100021992
2,1,rs887829,234668570,2.7e-22,9,0,0,0,0,9,"rs2741034(1),rs11692664(1),rs10175809(1),rs2012734(1),rs6744284(1),rs6431625(1),rs13009407(1),rs10179091(1),rs33979061(1)",0.206077,0.0212201,T,C,metabolite_100022005
6,1,rs1165209,25801319,3.73e-12,0,0,0,0,0,0,NONE,0.215804,0.0310643,A,G,metabolite_999946417
7,1,rs148982377,99075038,1.48e-12,0,0,0,0,0,0,NONE,0.515318,0.072824,C,T,metabolite_999946455
7,1,rs45446698,99332948,1.92e-12,1,0,0,0,0,1,rs11568824(1),0.51671,0.0733976,G,T,metabolite_999946455
10,1,rs56050010,101593750,2.28e-13,1,0,0,0,0,1,rs2804397(1),-0.457861,0.0624535,G,A,metabolite_999946486
10,1,rs8187710,101611294,3.37e-14,1,0,0,0,0,1,rs117212403(1),-0.412133,0.0543473,A,G,metabolite_999946516
19,1,rs212100,48376995,7.01e-14,1,0,0,0,0,1,rs2972516(1),0.25773,0.0344208,C,T,metabolite_999946516
2,1,rs113017476,31989359,2.13e-12,0,0,0,0,0,0,NONE,-0.365155,0.0519726,A,G,metabolite_999946460
10,1,rs143047486,110876062,8.05e-12,0,0,0,0,0,0,NONE,-0.334392,0.0489049,C,A,metabolite_999946460
2,1,rs72796853,32308917,1.27e-11,0,0,0,0,0,0,NONE,-0.340636,0.0503,T,C,metabolite_999946460
1,1,rs28415528,151879761,3.68e-12,1,0,0,0,0,1,rs12067594(1),-0.167345,0.0240821,A,G,metabolite_999946398
6,1,rs12209125,25769789,3.2e-11,0,0,0,0,0,0,NONE,-0.396773,0.0597819,C,A,metabolite_999946590
6,1,rs316019,160670282,1.26e-33,5,0,0,0,0,5,"rs653753(1),rs2928035(1),rs316021(1),rs316035(1),rs7774140(1)",0.468526,0.0387677,C,A,metabolite_999946624
6,1,rs71565769,160718357,2.64e-14,0,0,0,0,0,0,NONE,-0.478662,0.0628585,T,G,metabolite_999946624
6,1,rs316025,160683381,8.62e-13,0,0,0,0,0,0,NONE,0.213885,0.0299105,C,T,metabolite_999946624
6,1,rs2619268,160625978,1.21e-12,0,0,0,0,0,0,NONE,0.204107,0.0287316,G,T,metabolite_999946624
19,1,rs62111897,13879344,4.01e-11,0,0,0,0,0,0,NONE,0.493645,0.0747541,A,G,metabolite_999946616
14,1,rs61988865,74068430,1.09e-11,0,0,0,0,0,0,NONE,-0.241536,0.0355541,A,C,metabolite_999946681
8,1,rs183555396,33594314,3.6e-13,1,0,0,0,0,1,rs141549164(1),0.985029,0.135499,T,C,metabolite_999946623
4,1,rs13121671,69491183,7.92e-92,5,0,0,0,0,5,"rs1919903(1),rs983745(1),rs13142952(1),rs2708664(1),rs3100649(1)",-0.430732,0.0211935,T,G,metabolite_999946701
4,1,rs2603168,69351146,1.91e-37,3,0,0,0,0,3,"rs111424033(1),rs62298455(1),rs2603159(1)",-0.326809,0.0255555,G,T,metabolite_999946701
4,1,rs2708690,69343960,3.79e-26,2,0,0,0,0,2,"rs2060992(1),rs138963027(1)",-0.376249,0.0355711,A,G,metabolite_999946701
4,1,rs13114070,69349893,1.17e-16,0,0,0,0,0,0,NONE,-0.221103,0.0266848,C,T,metabolite_999946701
6,1,rs1165209,25801319,3.73e-16,0,0,0,0,0,0,NONE,-0.201946,0.0247874,A,G,metabolite_999946701
4,1,rs34976817,69360381,1.78e-13,1,0,0,0,0,1,rs34580149(1),-0.319185,0.0433425,T,G,metabolite_999946701
4,1,rs35047063,69492446,5.29e-13,0,0,0,0,0,0,NONE,-0.18343,0.0254137,A,G,metabolite_999946701
6,1,rs2328893,25770239,1.05e-12,1,0,0,0,0,1,rs3799346(1),0.193343,0.0271399,G,A,metabolite_999946701
6,1,rs765285,25828242,1.01e-13,1,0,0,0,0,1,rs12209125(1),0.151721,0.0203936,C,G,metabolite_999946997
16,1,rs13339053,28614801,8e-14,0,0,0,0,0,0,NONE,0.31646,0.0423623,G,A,metabolite_999947929
5,1,rs3756669,35965970,2.35e-28,4,0,0,0,0,4,"rs696733(1),rs80125646(1),rs11746242(1),rs74761962(1)",0.280977,0.025442,C,A,metabolite_999952865
5,1,rs10472991,35964286,2.68e-11,0,0,0,0,0,0,NONE,-0.131414,0.0197228,G,A,metabolite_999952865
2,1,rs2286963,211060050,1.32e-38,10,0,0,0,0,10,"rs1861072(1),rs55817320(1),rs12617077(1),rs72990864(1),rs263679(1),rs12476559(1),rs4672564(1),rs4672565(1),rs2063310(1),rs9646846(1)",0.297196,0.0228715,G,T,metabolite_999947788
2,1,rs28838651,211147263,2.35e-17,0,0,0,0,0,0,NONE,-0.198683,0.0234432,A,T,metabolite_999947788
2,1,rs73005340,210916076,6.74e-15,0,0,0,0,0,0,NONE,0.280193,0.0359717,T,C,metabolite_999947788
2,1,rs12465936,211021931,3.56e-13,0,0,0,0,0,0,NONE,0.174767,0.0240347,A,G,metabolite_999947788
1,1,rs28415528,151879761,1.3399999999999999e-24,10,0,0,0,0,10,"rs57266313;rs200271793;rs200271793;rs57266313(1),rs2338201(1),rs56313205(1),rs11589720(1),rs1038747(1),rs2932570(1),rs6587644(1),rs1532133(1),rs999992(1),rs1131473(1)",-0.260059,0.0254014,A,G,metabolite_999947671
22,1,rs58980421,46689347,6.12e-18,4,0,0,0,0,4,"rs7290021(1),rs138677194(1),rs11912184(1),rs12166377(1)",-0.292598,0.0339037,A,G,metabolite_999947417
3,1,rs113673222,132289828,7.52e-13,1,0,0,0,0,1,rs16839515(1),0.483551,0.0674449,A,T,metabolite_999953267
12,1,rs67981690,21343886,5.39e-15,2,0,0,0,0,2,"rs4149056(1),rs12318075(1)",0.308147,0.0394179,G,A,metabolite_999952867
