,r2,p
metabolite_35,0.0989481910580241,2.1974575584797173e-20
metabolite_50,0.07286043760195404,2.9121062524423534e-12
metabolite_55,0.06051896607037932,1.339694940054506e-10
metabolite_62,0.12622133304474548,9.488124885749661e-27
metabolite_93,0.10899687109025757,6.134449634461887e-25
metabolite_98,0.16514905592487616,6.8596339076452e-44
metabolite_111,0.06585707775557392,3.5198438417300694e-12
metabolite_112,0.1528755736164994,6.6354268248969645e-40
metabolite_132,0.09224920729867858,1.2439442979782855e-17
metabolite_136,0.049148139546369096,3.8184769034166395e-07
metabolite_158,0.08797904754128527,2.8364950770397735e-18
metabolite_171,0.090761388046954,1.375233863261289e-19
metabolite_179,0.06754052649862696,1.3486976247251488e-10
metabolite_180,0.09440711373684807,1.3859279732017843e-20
metabolite_181,0.12364775004226747,1.1821516698868867e-29
metabolite_182,0.184300973940408,2.4617231197766556e-48
metabolite_189,0.11362219298202725,1.472757977601164e-26
metabolite_192,0.075663676845242,7.453328888852196e-15
metabolite_194,0.09315469927392062,3.672291994527303e-20
metabolite_197,0.2251533802965341,5.661438007336131e-61
metabolite_209,0.15681922080452126,3.7276851153302464e-41
metabolite_212,0.14671631806763152,2.618933849286369e-36
metabolite_229,0.08466509305720105,1.5005182629360096e-17
metabolite_231,0.03390321488930803,0.0003751050778422568
metabolite_234,0.1753346927144368,1.3533769726565495e-48
metabolite_240,0.22982807250098258,9.576563420699751e-69
metabolite_241,0.1268743170383404,1.2264623705514206e-30
metabolite_244,0.10582527159496569,3.98706812419508e-24
metabolite_250,0.16585475817453643,1.9656649794338681e-44
metabolite_252,0.06279074325456302,3.1537799478762404e-11
metabolite_254,0.021134763760732977,0.08038186858538261
metabolite_266,0.0899917065295639,3.8560805033645544e-19
metabolite_267,0.08206037379488762,1.383690753969619e-16
metabolite_273,0.1923229872246467,1.0917988001332172e-54
metabolite_275,0.3370724342263165,4.829412099770896e-115
metabolite_278,0.25266725163557724,6.167940773314479e-73
metabolite_279,0.20423592024092208,1.412420100750622e-58
metabolite_297,0.12518735214023569,1.7876934624995138e-30
metabolite_302,0.03516648885337381,0.0009398178028864674
metabolite_313,0.12066435208748527,1.5842349848017612e-28
metabolite_330,0.07113211697498356,2.5611748333513783e-13
metabolite_331,0.22191393096955447,1.0056063728347255e-60
metabolite_338,0.1339094631471629,1.982594168334871e-33
metabolite_339,0.08137424655466419,6.9153776459467526e-15
metabolite_340,0.14505229193711267,3.5017739586784565e-37
metabolite_342,0.057732718121456306,5.034338595512303e-10
metabolite_344,0.1415538205386504,5.2338246388843177e-36
metabolite_355,0.11980923385472353,7.195692408571187e-29
metabolite_356,0.1399373487464265,1.330397157431762e-35
metabolite_358,0.11849963347316095,2.5112001871572075e-22
metabolite_361,0.05583299494973537,9.599589204849813e-08
metabolite_363,0.12244821948142148,2.4541792532291472e-29
metabolite_376,0.2999683143043128,4.310410431914857e-98
metabolite_391,0.14425246863289942,7.101556857870158e-37
metabolite_397,0.2991674021154419,1.630367839637456e-97
metabolite_407,0.07167564947662464,9.495395936789927e-14
metabolite_409,0.08312321921291543,4.0238584045399385e-17
metabolite_415,0.1203597829469687,8.904232732583212e-29
metabolite_424,0.0884921514507917,6.056902548246942e-19
metabolite_432,0.10106503975966408,1.0094634331855481e-22
metabolite_439,0.048045237210638914,1.705642785216606e-07
metabolite_444,0.23927113145376255,4.4403954567374724e-72
metabolite_445,0.059947407565001276,1.7755501979255608e-10
metabolite_452,0.2249399253644695,1.191892594678143e-66
metabolite_460,0.12927136965445052,7.732118710516825e-32
metabolite_461,0.09982129843153431,6.52493268256615e-22
metabolite_480,0.13257300912453962,7.75001674080925e-33
metabolite_482,0.18997259800012256,6.666597522293889e-53
metabolite_491,0.17151784054922892,1.932439046741376e-41
metabolite_498,0.1575705562739489,2.1937731574970577e-41
metabolite_501,0.05026485516754198,1.1927894811970123e-07
metabolite_503,0.11911832330120753,1.6166144653928776e-28
metabolite_504,0.12610234547442445,5.090743314999658e-28
metabolite_512,0.0636138265115157,1.3329109708684198e-11
metabolite_519,0.12709164008104745,4.687738296994462e-31
metabolite_533,0.21720436482657735,3.617576939420873e-63
metabolite_535,0.12880286247161454,9.208292441836733e-32
metabolite_537,0.10247162706904644,3.459669867160632e-23
metabolite_561,0.29705452003494004,3.0327083623825534e-97
metabolite_563,0.10965446741458484,3.7874713761471785e-25
metabolite_564,0.01892525455277394,0.16485661654323439
metabolite_565,0.15351129681069942,4.629428178442686e-40
metabolite_566,0.2000082566300283,3.3867049604618535e-56
metabolite_572,0.06667633133610107,2.2561127484147893e-12
metabolite_796,0.0588404360703394,4.46798494353009e-10
metabolite_798,0.05192344243278835,2.470500064355979e-06
metabolite_799,0.16440220092672053,3.34223891605246e-44
metabolite_800,0.11241991551018671,3.5982870946301596e-26
metabolite_803,0.21808154811344127,8.239230336345594e-64
metabolite_806,0.09603620800483315,4.732533184171892e-21
metabolite_811,0.11668417920042085,1.1350480538245944e-27
metabolite_815,0.1007867161083622,2.158082255400998e-22
metabolite_821,0.18168175000622677,7.945005330506984e-51
metabolite_823,0.18710385485601666,4.2864180717772536e-52
metabolite_825,0.08717698594203482,1.0091389007653448e-16
metabolite_849,0.031793281315379285,0.002410045301566785
metabolite_878,0.037541192415382674,6.943959730315938e-05
metabolite_880,0.12055759368918784,3.2294448782359516e-28
metabolite_888,0.13392890811165004,2.224923227301041e-33
metabolite_891,0.08043539942425793,2.8104361277033284e-16
metabolite_892,0.10361100625605957,6.355119446447018e-23
metabolite_893,0.17045532645487005,7.344441856541742e-46
metabolite_913,0.2253340801370678,9.072023272536357e-56
metabolite_917,0.13043081754187769,5.936013174985993e-32
metabolite_922,0.199479984182674,4.184131258629699e-52
metabolite_932,0.07770738175642344,1.3735055852139899e-14
metabolite_980,0.06980225364869408,2.2697964819021127e-13
metabolite_1001,0.06385008103577283,1.2406461986779156e-11
metabolite_1002,0.09809949755463088,3.0374640125082697e-21
metabolite_1004,0.15221197968342726,9.735770327586407e-40
metabolite_1021,0.21831465818590634,2.0863542858757986e-64
metabolite_1022,0.1656078984235344,1.2175479293733145e-40
metabolite_1023,0.19273570229582726,4.201067056951922e-54
metabolite_1024,0.1145374858917787,4.5739042105413915e-27
metabolite_1025,0.05702821489667764,1.1480959469578518e-09
metabolite_1026,0.09588284216910403,5.053874245141779e-21
metabolite_1052,0.157281190020234,1.2601764384155763e-41
metabolite_1053,0.10990061169130805,4.3184421747078315e-19
metabolite_1082,0.15438516931821633,6.731837849095015e-40
metabolite_1083,0.08865281017797089,7.739531827278854e-19
metabolite_1084,0.10288548734509362,3.246104007513515e-23
metabolite_1087,0.12311212180051812,7.312353933658419e-30
metabolite_1090,0.11837966754733986,4.965787064398842e-28
metabolite_1094,0.08383896611645458,2.9620111447411967e-17
metabolite_1102,0.18923549803532724,6.286621476185213e-53
metabolite_1105,0.18445537788203337,6.679427918572779e-52
metabolite_1110,0.10535059436160588,4.003378360443526e-24
metabolite_1111,0.2341115879285136,5.966564154228375e-71
metabolite_1113,0.13743074998630755,1.4413511063770707e-34
metabolite_1114,0.08713039798470357,2.0748064555634308e-18
metabolite_1124,0.09200315404507187,6.731382194887677e-20
metabolite_1128,0.023508813435085707,0.034185223085518225
metabolite_1134,0.3280193940878602,2.13571724219727e-111
metabolite_1135,0.0756664074481167,1.3773015759445e-11
metabolite_1137,0.15476684298515375,3.118787007066672e-40
metabolite_1140,0.09923223832575101,9.059173172735379e-22
metabolite_1141,0.12987512714171556,1.6314899406662674e-30
metabolite_1162,0.06303132748118401,3.335540624616787e-11
metabolite_1221,0.22403108157655138,3.064016685287638e-66
metabolite_1224,0.12003024513036031,1.5207699089128532e-28
metabolite_1231,0.10153352618544298,6.538507274700751e-23
metabolite_1235,0.12329599532596047,2.3323807931954703e-29
metabolite_1239,0.08777516583810663,2.5785438596385583e-18
metabolite_1242,0.11320771861820889,1.2392307406570359e-26
metabolite_1254,0.24196374740602689,2.1624077036854027e-73
metabolite_1256,0.13073048210804394,4.4254931366070834e-32
metabolite_1268,0.32464705571500063,3.5937098714085136e-109
metabolite_1342,0.08067797835638335,5.772893434621737e-16
metabolite_1442,0.1623457957739961,1.5496023893250612e-43
metabolite_1489,0.13197955592427812,8.90678625665611e-33
metabolite_1518,0.07722786566490902,3.544296175595982e-15
metabolite_1526,0.06686441426676915,1.8893608427602172e-12
metabolite_1528,0.1021128173751058,5.462588515030353e-22
metabolite_1537,0.0566524553478962,1.4759734333688266e-09
metabolite_1538,0.08844147924501755,1.232650760395469e-18
metabolite_1539,0.1013927318552027,1.0536866528174604e-22
metabolite_1547,0.15557655414706772,3.4248648181669234e-41
metabolite_1628,0.06491004472536521,8.026850316051748e-12
metabolite_1629,0.05185573845842928,8.4246397195347e-08
metabolite_1648,0.04219250425501231,0.00020757706916586135
metabolite_1668,0.03947458856232655,0.000155778240092871
metabolite_1869,0.06806783584388332,8.712264556869617e-12
metabolite_2050,0.16977677593978813,1.3621979360655036e-46
metabolite_2051,0.08844602605684304,2.226474665811666e-18
metabolite_2054,0.06951660840385099,3.366991833610223e-13
metabolite_100000007,0.14735049090049168,3.0035211418548705e-37
metabolite_100000008,0.21183393561599306,9.28261452659134e-52
metabolite_100000010,0.15216616360639346,2.5223367581984023e-35
metabolite_100000014,0.11365013020930392,1.8862679281550278e-26
metabolite_100000015,0.14552053426693257,2.922214164490826e-29
metabolite_100000036,0.2409103048406216,3.167204343680917e-72
metabolite_100000039,0.06338122420787473,3.477518985906305e-11
metabolite_100000042,0.0709671515940683,2.107239018692899e-13
metabolite_100000054,0.28686310330469966,5.773614121948566e-84
metabolite_100000096,0.23967272304031728,1.8035914253755197e-69
metabolite_100000257,0.08135667895669851,2.8594821075241244e-16
metabolite_100000263,0.1122534230504133,5.894319916888627e-26
metabolite_100000265,0.16586832748297797,3.499229108170877e-44
metabolite_100000269,0.1675806962773585,9.333260924356259e-45
metabolite_100000276,0.10023789963061502,3.709162938529565e-18
metabolite_100000282,0.13721279297985645,1.3229347273671544e-30
metabolite_100000406,0.15804649503642754,3.295622315825606e-41
metabolite_100000436,0.043352824288060865,5.305885086769779e-05
metabolite_100000437,0.04440598948771457,4.148933004949771e-06
metabolite_100000442,0.06446298669911432,2.6403539318614157e-11
metabolite_100000445,0.056807260198606824,2.5879961262500368e-09
metabolite_100000447,0.12062629551024573,3.8585451120442155e-22
metabolite_100000453,0.028727159597760288,0.011274366879023352
metabolite_100000463,0.20091580149367172,4.3740770886121165e-57
metabolite_100000467,0.05832886227595435,8.677624346271067e-10
metabolite_100000491,0.2081930807913377,1.1772298105366848e-54
metabolite_100000551,0.2352811868836443,7.199373346122038e-71
metabolite_100000580,0.06566391676778738,7.276103717816431e-12
metabolite_100000611,0.12899368275898093,7.493573821337988e-31
metabolite_100000616,0.09322102990424785,4.1495944100803094e-20
metabolite_100000626,0.11045269396887447,1.3213220834089085e-25
metabolite_100000639,0.08609139092718687,6.234351045346593e-17
metabolite_100000656,0.10765690708524034,3.1416448107494008e-24
metabolite_100000657,0.05228639166514282,2.570239031325728e-08
metabolite_100000665,0.17077680267548867,5.160345056718236e-46
metabolite_100000672,0.07983995061598292,6.182934386517317e-16
metabolite_100000706,0.29085499490699995,4.4336814594290705e-94
metabolite_100000707,0.07832335205652685,1.0705096587578112e-14
metabolite_100000743,0.029006106479796623,0.0045215390283223035
metabolite_100000773,0.03425205887061977,0.00036511706304417387
metabolite_100000774,0.2444863724213283,4.004945675922557e-74
metabolite_100000776,0.12286611214580623,4.0764716102980557e-29
metabolite_100000781,0.07230937518774239,7.080324006345593e-14
metabolite_100000787,0.17057109590889585,4.7158536068540346e-46
metabolite_100000792,0.34337828221432987,1.0640641635858329e-116
metabolite_100000802,0.05297582879820251,1.286224721993871e-08
metabolite_100000808,0.5833485949270072,9.958735763597906e-250
metabolite_100000827,0.22703853927326556,4.769927240195328e-66
metabolite_100000840,0.12355292408557261,2.1641859922041705e-29
metabolite_100000841,0.21212364548432483,7.596722357262873e-62
metabolite_100000846,0.03648783794995647,0.0001583068698997212
metabolite_100000882,0.03669427689476379,9.670804247590743e-05
metabolite_100000900,0.04882851985858783,1.782485452444548e-07
metabolite_100000924,0.13949463030589782,5.645643413290335e-35
metabolite_100000936,0.10071303830379763,1.4302752848520556e-22
metabolite_100000961,0.2000636377563666,2.122895599011983e-56
metabolite_100000963,0.05861625277544302,2.4146604394798954e-08
metabolite_100000987,0.1186428741364467,1.0793528419986684e-20
metabolite_100000997,0.02746092829124902,0.0075453445346175515
metabolite_100001002,0.12032331446731015,4.336240550398304e-29
metabolite_100001006,0.20440844961675453,1.3519117514055603e-58
metabolite_100001007,0.07622366672679692,1.3788787872323266e-14
metabolite_100001022,0.2942252539013228,2.888661309338297e-95
metabolite_100001034,0.07791515977628927,1.5973028941057536e-15
metabolite_100001040,0.1498970398658126,1.1405789263416748e-38
metabolite_100001051,0.1701731647855258,5.059554177868947e-46
metabolite_100001054,0.09829798329898976,2.0156333425775718e-21
metabolite_100001055,0.12487897617878985,3.24535201398682e-30
metabolite_100001073,0.16612429942013196,3.0853696858505935e-44
metabolite_100001083,0.14641921653350365,2.4330953761332556e-37
metabolite_100001092,0.12511015639513068,2.139115598047844e-30
metabolite_100001102,0.0647306717332482,1.1769198700332731e-11
metabolite_100001104,0.11809480999432886,2.930027558767395e-26
metabolite_100001106,0.055864716692861305,1.272924451541092e-07
metabolite_100001108,0.07855888769493391,3.454806419787003e-14
metabolite_100001112,0.0401254508076051,1.8415480393963415e-05
metabolite_100001121,0.13179176475743082,2.6908002599146505e-32
metabolite_100001126,0.2919547358250375,1.8294986682047462e-91
metabolite_100001132,0.07587234498313078,8.69844290670446e-12
metabolite_100001145,0.05642178799007347,5.753726299409572e-07
metabolite_100001150,0.08633071177121132,2.0239858307396985e-16
metabolite_100001162,0.2241950736990489,7.791834479165167e-66
metabolite_100001167,0.09625149269677735,5.768202841373701e-21
metabolite_100001170,0.11653625468727391,9.620221487337875e-28
metabolite_100001178,0.21719157734395733,2.5859153311457695e-63
metabolite_100001181,0.10094515941041715,1.051140208515193e-22
metabolite_100001182,0.11380186651260615,8.84342897606499e-27
metabolite_100001193,0.08444390696464721,2.7394497304075767e-17
metabolite_100001197,0.05587433042074463,2.116368182441024e-09
metabolite_100001198,0.23609776128388493,6.4187181210615775e-71
metabolite_100001208,0.14827320432430424,6.972819672849835e-38
metabolite_100001211,0.07509862905797327,6.870967718907777e-12
metabolite_100001229,0.11470100466375499,9.638093703984797e-27
metabolite_100001232,0.1602433520650528,1.1157586966018118e-42
metabolite_100001247,0.05070887150737635,4.1825688998869896e-08
metabolite_100001251,0.05844628327261592,2.673684126760158e-10
metabolite_100001253,0.09696215847556355,2.3320986739883007e-20
metabolite_100001254,0.19015140207564307,1.1785364682324372e-53
metabolite_100001256,0.16916181958426657,3.016230817799114e-45
metabolite_100001262,0.06808311045643367,4.0833855959380107e-10
metabolite_100001263,0.16623821974113906,1.0229467983432421e-44
metabolite_100001264,0.20258822233706486,9.163746882203448e-58
metabolite_100001266,0.11789773057368014,6.739028127526894e-28
metabolite_100001267,0.032394608814674264,0.0008238069184285089
metabolite_100001270,0.09529607653473138,8.022963357580508e-21
metabolite_100001271,0.16763887053796367,4.1385161556167305e-45
metabolite_100001272,0.29092226217115524,1.1162952407186546e-93
metabolite_100001274,0.20552499843879013,2.950948314925947e-59
metabolite_100001276,0.17616390737929732,3.6482828766531696e-39
metabolite_100001277,0.1192870601799938,1.6873597269726171e-28
metabolite_100001278,0.15180754884397163,4.1956647726533264e-39
metabolite_100001287,0.2105658296730779,6.899836126361956e-60
metabolite_100001293,0.16967669227724003,1.7025459665636428e-44
metabolite_100001294,0.09767332509291027,1.3412336977584e-21
metabolite_100001295,0.11077205514707311,9.711297679224664e-22
metabolite_100001296,0.07200366352320886,5.800505291341452e-14
metabolite_100001300,0.13125495833535683,1.6661922773693195e-32
metabolite_100001313,0.11726340550162817,6.942624824431343e-28
metabolite_100001314,0.034830276083571365,0.00026043526316586534
metabolite_100001315,0.14283578555722998,2.6964614306414335e-36
metabolite_100001320,0.13664142649150546,2.8601452816173087e-34
metabolite_100001335,0.07852349090904309,7.273170801401536e-16
metabolite_100001337,0.0941741970103761,1.5014422284503093e-20
metabolite_100001359,0.12136483954348531,5.895666502573376e-29
metabolite_100001383,0.06552102933433468,6.7621936370261786e-12
metabolite_100001384,0.27130512457232225,6.731502877707328e-75
metabolite_100001391,0.20663254611016957,8.004249218490257e-60
metabolite_100001392,0.05680544702797852,1.2853493004431836e-09
metabolite_100001393,0.17366397048466675,7.312393389653407e-47
metabolite_100001395,0.24664736590136827,1.1976319197198958e-74
metabolite_100001396,0.054682213057187345,1.0739279569016222e-07
metabolite_100001398,0.032906733580005953,0.00931158830889371
metabolite_100001399,0.05078321986979384,1.469982297389195e-07
metabolite_100001402,0.05288985132000101,7.334005226485083e-07
metabolite_100001403,0.055945055063488236,9.939712066634675e-09
metabolite_100001405,0.08514832153121654,1.3653572132518536e-14
metabolite_100001409,0.1757579023235225,2.0126555650646962e-47
metabolite_100001412,0.16618740954518207,1.625338614465397e-44
metabolite_100001413,0.17828748792799676,1.4973711774633058e-45
metabolite_100001415,0.2092880022899699,2.565244008090577e-60
metabolite_100001416,0.16143496139082547,3.7677109292293506e-42
metabolite_100001417,0.13340130055232435,1.0788729226011048e-32
metabolite_100001423,0.06548549852132135,3.899669655004499e-12
metabolite_100001425,0.182884994998598,2.0530252078527678e-50
metabolite_100001426,0.18422942415203103,1.3430671801960441e-48
metabolite_100001433,0.11810150289646693,4.943773168352696e-23
metabolite_100001446,0.11749287157200727,7.721110553027634e-28
metabolite_100001452,0.09325921189154451,5.913382530973928e-17
metabolite_100001456,0.07116540066358135,1.4986330165927707e-13
metabolite_100001461,0.10249518812238156,5.464903177388633e-23
metabolite_100001468,0.11794089444751676,8.164573841096594e-28
metabolite_100001485,0.29996014269735605,3.0837797150866015e-98
metabolite_100001501,0.15491892335131896,2.024562367467225e-40
metabolite_100001509,0.22461440790627707,1.4009489849611823e-59
metabolite_100001510,0.041900843137244626,7.0479530522430236e-06
metabolite_100001511,0.08482328971501263,1.1571205466036236e-17
metabolite_100001540,0.3781783021387043,7.339149103012548e-135
metabolite_100001541,0.25410054250239666,1.5772530831747782e-78
metabolite_100001550,0.1356657249676788,4.848296959027012e-31
metabolite_100001551,0.11388983002475084,8.737908140442121e-27
metabolite_100001552,0.06847501517956378,1.327848377364529e-12
metabolite_100001553,0.126453852200894,4.990568899409299e-31
metabolite_100001554,0.13748261175938326,4.341459364554438e-34
metabolite_100001556,0.26974987564442643,3.0527922498026377e-83
metabolite_100001557,0.2506416055419487,9.57241222467925e-77
metabolite_100001562,0.16391212683866607,5.531491892678129e-43
metabolite_100001563,0.07371106105298175,9.336215877264032e-14
metabolite_100001566,0.1725726592263509,2.84353938732152e-47
metabolite_100001567,0.1339981649612867,2.1080818503185947e-33
metabolite_100001569,0.10966032951373794,3.402814085677915e-25
metabolite_100001570,0.08711663292796601,2.1781088469826952e-18
metabolite_100001571,0.05071182915366246,3.238375745185641e-08
metabolite_100001577,0.15727588100159162,5.314864085936548e-34
metabolite_100001579,0.10432905045862728,1.311075746165913e-23
metabolite_100001580,0.07385924423314161,7.1564130175122875e-12
metabolite_100001586,0.11995200940726847,2.5440783922687465e-22
metabolite_100001590,0.0690550986220081,9.605447093105962e-11
metabolite_100001593,0.14975425182210922,3.9018946217245417e-38
metabolite_100001597,0.13421182513194785,3.214703872188158e-33
metabolite_100001604,0.040637414793833315,0.0001950097542134006
metabolite_100001605,0.1279075190590513,6.725356344791626e-31
metabolite_100001609,0.12075277598890144,9.905195804524932e-29
metabolite_100001613,0.048491592125198935,1.9704426979465264e-07
metabolite_100001614,0.06018036289525064,1.8229798618095635e-10
metabolite_100001620,0.1047789830169058,1.3280374614847336e-23
metabolite_100001635,0.03658494458532513,0.00045691648151079676
metabolite_100001651,0.0792855017196823,9.355600269141084e-15
metabolite_100001652,0.1222602324802694,9.658255313277177e-29
metabolite_100001654,0.0955530285288112,7.28881818379239e-21
metabolite_100001655,0.07844616485515254,1.5378966456025065e-14
metabolite_100001657,0.054610375395269584,6.139823527046011e-09
metabolite_100001658,0.07273287105973125,1.3613465923629635e-13
metabolite_100001662,0.23882734796574123,1.2800819236291464e-71
metabolite_100001668,0.1664930069562377,2.93659660557022e-44
metabolite_100001674,0.06068817830554285,9.941400021902781e-10
metabolite_100001733,0.05498612544933823,5.837752529401963e-09
metabolite_100001734,0.10729380871510286,2.4765831918210424e-24
metabolite_100001739,0.11349469414495494,2.766275795263619e-26
metabolite_100001740,0.09566453565097832,3.092620435117383e-20
metabolite_100001743,0.12683126050268456,1.0549952469423229e-30
metabolite_100001755,0.05253313465340914,2.051005622730919e-08
metabolite_100001756,0.08650451946582616,4.545672931055812e-18
metabolite_100001757,0.08654405935397691,2.2312698382167047e-17
metabolite_100001776,0.06712472312312334,1.1673844566143182e-11
metabolite_100001777,0.10442340615531076,5.233014942877827e-23
metabolite_100001778,0.06054725845079556,1.2224980860610763e-10
metabolite_100001810,0.11675577847448693,1.0175423768680312e-27
metabolite_100001851,0.11483178477740486,4.0881825699050434e-27
metabolite_100001856,0.05693025353315684,1.3046776611403276e-09
metabolite_100001868,0.10467470503233733,1.8263015283908038e-23
metabolite_100001869,0.10233000642337908,5.874220638970867e-23
metabolite_100001870,0.06799246421367477,1.6113638967225692e-12
metabolite_100001876,0.05644998458039652,1.7456674785102307e-09
metabolite_100001882,0.0770999728010191,3.6092036074170025e-15
metabolite_100001948,0.15248634509719916,9.577802561485983e-39
metabolite_100001950,0.36941697895750214,1.1171329742598906e-130
metabolite_100001951,0.0925538545439456,6.109417322608237e-20
metabolite_100001956,0.0478084243494713,2.3429533651400047e-07
metabolite_100001977,0.23840830806968538,3.690096702369007e-70
metabolite_100001987,0.28800595989910205,6.459616501359387e-92
metabolite_100001988,0.17045895657500187,6.156250671257269e-46
metabolite_100001989,0.06305139964219753,2.9691075590660637e-11
metabolite_100001990,0.03267453266923892,0.0008077037940561932
metabolite_100001992,0.21391295345807781,3.03961595880368e-62
metabolite_100001993,0.23849138354814692,2.259454988600327e-71
metabolite_100001994,0.2983390427506387,1.3613997418666022e-97
metabolite_100001999,0.1804192559135892,2.1705067401909348e-49
metabolite_100002009,0.1938638467284325,2.1983592305525383e-53
metabolite_100002014,0.16473049636722925,1.5923189193901417e-43
metabolite_100002018,0.1671563310624644,1.275854042644546e-42
metabolite_100002021,0.16167300038233146,1.4809085167586718e-35
metabolite_100002024,0.20379687712302585,1.2464010476502128e-51
metabolite_100002026,0.2739294509166552,5.560019384779187e-85
metabolite_100002027,0.32740302225422446,8.871290383747096e-110
metabolite_100002028,0.32022294282512886,9.174956988541694e-106
metabolite_100002029,0.13897147344671257,6.147544936396037e-33
metabolite_100002049,0.05115699499184956,1.2947022516542804e-05
metabolite_100002060,0.1711683076309234,4.845647523768151e-46
metabolite_100002063,0.11463388157091747,4.254591878325661e-27
metabolite_100002067,0.32395848082761425,7.207862841360286e-108
metabolite_100002070,0.058776412465576855,2.35585970688958e-09
metabolite_100002094,0.029250264836901185,0.003044068290261053
metabolite_100002102,0.0952700889873368,7.492867956709677e-21
metabolite_100002106,0.17738191994982733,1.755302651522642e-48
metabolite_100002107,0.07877868147071754,8.92956206381805e-16
metabolite_100002122,0.0458197002342865,9.052366934957803e-07
metabolite_100002126,0.18371095848576946,6.987358582280274e-51
metabolite_100002129,0.25891568968640355,3.7561868810623016e-80
metabolite_100002152,0.16617281350203406,3.5630648002302176e-42
metabolite_100002154,0.17283868890186505,4.605298696009369e-47
metabolite_100002171,0.07522287627588875,4.5344489566978476e-12
metabolite_100002173,0.12225935287078193,2.830926150656403e-29
metabolite_100002185,0.07960502854636586,5.682020878978161e-12
metabolite_100002196,0.12902538404227426,1.9767352377830933e-31
metabolite_100002199,0.057358437913837546,8.368420985419497e-10
metabolite_100002227,0.12277188239980796,2.2335926343680696e-24
metabolite_100002253,0.18478787484135706,1.7887911296077e-47
metabolite_100002259,0.046001073768635825,7.38725271535022e-07
metabolite_100002356,0.1042975833160591,1.47788190364794e-23
metabolite_100002417,0.11297636107860842,4.090634164284076e-24
metabolite_100002458,0.07763643072448345,2.24265622243715e-14
metabolite_100002488,0.098402995274396,3.677620376148459e-21
metabolite_100002514,0.1709673470242551,2.403898156276585e-44
metabolite_100002528,0.10863205000774012,3.932443492928464e-25
metabolite_100002537,0.06156974204121324,1.2073815205806029e-08
metabolite_100002749,0.08163652403853272,8.059676393001247e-17
metabolite_100002761,0.3427194663785026,1.7726816568668686e-116
metabolite_100002769,0.09298783244158015,8.110691428877715e-20
metabolite_100002784,0.10369785853274982,3.351341799438322e-22
metabolite_100002796,0.05677721978908823,1.1412907178022897e-09
metabolite_100002871,0.10588236261335415,3.823830864876764e-24
metabolite_100002875,0.1728842397302539,2.3901787650252543e-47
metabolite_100002876,0.11793471671212552,3.738568368046489e-23
metabolite_100002910,0.11966666263689052,1.6845788074668958e-28
metabolite_100002911,0.0816677239483885,2.493003403750361e-16
metabolite_100002927,0.11751180870685973,3.246647548771082e-27
metabolite_100002951,0.07036326525385161,1.5678698025002326e-13
metabolite_100002952,0.056224795748582856,2.61514913068042e-09
metabolite_100002953,0.10272633478012572,6.447273677595084e-23
metabolite_100002989,0.10761144529006061,1.130556473574226e-24
metabolite_100002990,0.1047008267566818,1.4054837161063012e-23
metabolite_100003000,0.12161862953804103,1.708174489334956e-29
metabolite_100003001,0.13230924362129792,1.3111197808629521e-32
metabolite_100003008,0.06634301112558383,3.840536863744268e-09
metabolite_100003119,0.10975975550435146,1.7659337453046752e-21
metabolite_100003151,0.20147292340935818,4.571013424071066e-57
metabolite_100003169,0.13968953828611552,3.398801482658884e-28
metabolite_100003260,0.07414351417309839,1.4629806712800993e-13
metabolite_100003271,0.05090243406709738,4.281099554308633e-08
metabolite_100003397,0.10902284261169137,2.797885848484826e-25
metabolite_100003434,0.09119278193326774,4.411082843938387e-18
metabolite_100003470,0.20201439230526597,7.422327318803249e-57
metabolite_100003473,0.07001515507649614,8.974380571316385e-10
metabolite_100003594,0.05312531280286892,4.5844556570142835e-08
metabolite_100003686,0.11663652901100052,3.557238612084285e-27
metabolite_100003696,0.16139711425690872,4.4411884816272304e-41
metabolite_100003901,0.09939530664407348,5.347235680203948e-22
metabolite_100003926,0.038629801202919256,0.00017256198497144957
metabolite_100004046,0.4347529748922433,1.0604498632622095e-163
metabolite_100004054,0.10886892273707716,1.0126003701436311e-24
metabolite_100004089,0.11226656488624465,3.627161899059158e-26
metabolite_100004111,0.04946563211377464,1.3104562534762432e-07
metabolite_100004112,0.08539469748913675,1.145921558564836e-16
metabolite_100004182,0.07715984361639805,1.8926519799020127e-11
metabolite_100004208,0.11989743110915929,2.65485230430657e-28
metabolite_100004227,0.12859223626240635,5.4006791578802155e-30
metabolite_100004295,0.16929387643208849,3.939507133618842e-43
metabolite_100004299,0.12480460821610606,2.210849150150613e-25
metabolite_100004322,0.05219355688108529,3.456454417152066e-08
metabolite_100004328,0.11782829356644009,7.09927471913907e-28
metabolite_100004329,0.14215369736820993,4.9549116879731416e-36
metabolite_100004499,0.055724020381023864,2.766878295073137e-09
metabolite_100004509,0.07617521365085689,1.23244276603082e-13
metabolite_100004523,0.12666022649801334,1.277332695469472e-30
metabolite_100004541,0.03827093931901493,6.965058845019921e-05
metabolite_100004542,0.0887150886777569,3.780912530459235e-18
metabolite_100004552,0.1686232349131681,8.631511506317758e-43
metabolite_100004575,0.15015173153106887,1.180192571301967e-35
metabolite_100004635,0.12096205214244815,5.030110217452177e-29
metabolite_100004646,0.056779457762685115,2.0927665695149826e-07
metabolite_100005350,0.08879848710060878,6.200173049355426e-19
metabolite_100005351,0.1656009709637094,3.115847310705364e-44
metabolite_100005352,0.2736397096941078,4.007996517886146e-86
metabolite_100005367,0.049106077277934035,1.2789368961956393e-05
metabolite_100005371,0.07166632405464213,4.519627817180089e-13
metabolite_100005372,0.16508006493429406,4.317129921693663e-42
metabolite_100005384,0.10880855088351837,4.231285994592294e-25
metabolite_100005403,0.1828296654005005,9.71254081285385e-50
metabolite_100005466,0.1266749845973426,5.054934483913603e-31
metabolite_100005673,0.05792567978306773,1.839147001534688e-09
metabolite_100005714,0.07221408278915786,2.43499633791772e-11
metabolite_100005717,0.05688256258794844,1.1704684269917179e-07
metabolite_100005834,0.2377866715804693,4.398233949972123e-70
metabolite_100005850,0.13704800284840424,9.08228921543629e-34
metabolite_100005864,0.10532104882300264,4.7233065554033174e-23
metabolite_100005985,0.30786843233166916,7.57029729740425e-101
metabolite_100005986,0.05390365332117808,7.559107856961346e-09
metabolite_100005996,0.08647918960840051,4.2824131218752576e-18
metabolite_100006051,0.0689927468245154,6.346143271141395e-13
metabolite_100006056,0.06779606752918932,6.000428298411119e-11
metabolite_100006065,0.08485490664081718,1.9927957878718305e-17
metabolite_100006082,0.042140281919425315,5.659199242908732e-06
metabolite_100006092,0.052234802790370405,1.2488732905894489e-06
metabolite_100006098,0.1346488023896678,9.081089322808539e-33
metabolite_100006108,0.11023960732611593,5.838270546747138e-20
metabolite_100006115,0.16734730710622858,3.164860461667755e-45
metabolite_100006116,0.13080259231321822,9.911385439856493e-31
metabolite_100006121,0.13457621705275613,1.5371181136777568e-24
metabolite_100006129,0.1524816587199409,1.532584916026774e-34
metabolite_100006191,0.0985839518320728,2.2447675976924584e-20
metabolite_100006260,0.06302942923259147,2.5100945926176366e-11
metabolite_100006290,0.06448736334677074,6.314031760987278e-12
metabolite_100006292,0.12019831287486782,5.666879842102145e-29
metabolite_100006293,0.1944628466619922,5.7205188507050575e-55
metabolite_100006294,0.0798976378215055,2.658102809659316e-16
metabolite_100006295,0.09073374717532645,2.812711210994067e-19
metabolite_100006296,0.15802815723809072,1.5135525674561943e-41
metabolite_100006298,0.08361469677347644,3.454217057161916e-17
metabolite_100006314,0.07923520496848202,3.766626743936588e-16
metabolite_100006361,0.11019804158607649,1.231673874044207e-25
metabolite_100006367,0.023149596207602152,0.04129908447899275
metabolite_100006370,0.2051129328198139,1.2917994245745854e-59
metabolite_100006375,0.10779651354344089,3.8543587111296976e-18
metabolite_100006379,0.18010941725254548,1.6155066839325725e-49
metabolite_100006430,0.15144146149080784,3.0734279807959004e-39
metabolite_100006435,0.12546657129902994,2.8029554078743696e-27
metabolite_100006614,0.09381464900285019,3.234568649626593e-20
metabolite_100006620,0.06934816013895695,7.131741572501182e-12
metabolite_100006641,0.061670702370681174,4.974118195170558e-10
metabolite_100006642,0.03509643145293195,0.0004462480961017246
metabolite_100006644,0.05181838323867449,1.1308565336840349e-05
metabolite_100006651,0.032532352526626895,0.009326880705893716
metabolite_100006726,0.12945326313823735,1.2473347672440272e-24
metabolite_100008903,0.1345908496650633,8.958744735171407e-34
metabolite_100008904,0.11681145320681408,2.50392640256838e-27
metabolite_100008914,0.05730215117276194,7.044051999502561e-10
metabolite_100008915,0.14190621904456313,5.6158327279438416e-36
metabolite_100008916,0.13172322152142224,1.3168684829559164e-32
metabolite_100008917,0.26537511777155376,7.670684655041914e-83
metabolite_100008918,0.09255168010017834,5.626606683390853e-20
metabolite_100008919,0.09643335183122359,5.785285128124018e-21
metabolite_100008920,0.0715562793695862,1.0916866706613595e-13
metabolite_100008921,0.11613711902899937,2.517606708904943e-27
metabolite_100008928,0.07254735168417947,4.3024625246043106e-14
metabolite_100008930,0.09772756564525864,1.3490856142105716e-21
metabolite_100008939,0.11187432841711431,1.77472635006648e-19
metabolite_100008951,0.04487020911538564,0.00014890159092461675
metabolite_100008954,0.09656240263978333,2.974992468467513e-21
metabolite_100008955,0.11095630105758969,1.5325936318242597e-25
metabolite_100008956,0.13445411346917324,2.1893812589454926e-33
metabolite_100008957,0.07123764585576253,1.1914834623952365e-13
metabolite_100008976,0.069110792858738,5.545663056379271e-13
metabolite_100008977,0.055772295628027435,2.301935415516936e-09
metabolite_100008980,0.0672035658885004,1.4749121745427336e-12
metabolite_100008984,0.1694435789404698,9.274239358639514e-46
metabolite_100008989,0.1634179192651095,1.1391158987417552e-43
metabolite_100008990,0.052465092159844295,1.776842653243191e-08
metabolite_100008991,0.0855595941974947,6.949053353245785e-18
metabolite_100008992,0.09827168004268994,2.813872135392332e-21
metabolite_100008993,0.08727808837932649,2.6594418549296715e-18
metabolite_100008994,0.08144902712758217,1.1788776768854686e-16
metabolite_100008998,0.10213994295787199,3.018585178500906e-23
metabolite_100008999,0.06472204474134002,5.574074191477227e-12
metabolite_100009000,0.13375648489343017,1.4156279175281588e-33
metabolite_100009002,0.06756759926776312,9.545416099387029e-13
metabolite_100009004,0.18923872915725248,1.2465084481020311e-52
metabolite_100009005,0.06709726256796633,1.1919311679696716e-12
metabolite_100009007,0.3113847402671426,3.239204875582522e-104
metabolite_100009008,0.18931447956482694,3.965975873045298e-53
metabolite_100009009,0.1889863394905572,1.3315187967650476e-53
metabolite_100009014,0.08909376719121609,7.224245693133498e-19
metabolite_100009015,0.23748956057708348,2.976811467894598e-71
metabolite_100009019,0.08529589608633081,7.732333257786912e-18
metabolite_100009020,0.2373284191880174,7.364469427961998e-72
metabolite_100009021,0.10901220992207539,3.831430941677303e-25
metabolite_100009025,0.12634280149596733,2.34209490898963e-30
metabolite_100009026,0.12890781046574273,1.3981651832447706e-31
metabolite_100009027,0.1496781430844799,1.5764464988886134e-38
metabolite_100009028,0.05963920074272111,2.2563289769040388e-10
metabolite_100009030,0.11021247887979813,1.6622240368609417e-25
metabolite_100009035,0.08453381129427862,1.3614092076102279e-17
metabolite_100009036,0.12015880632087617,1.4619852031189127e-28
metabolite_100009037,0.10387033854618033,1.9212051218460142e-23
metabolite_100009038,0.12416869385633866,2.7243950702016086e-30
metabolite_100009051,0.2037072745885763,1.180272761921323e-58
metabolite_100009052,0.1750022319547262,9.648990141204597e-48
metabolite_100009055,0.16456556542508394,6.760014622003068e-44
metabolite_100009066,0.08402643562577683,1.3818292019736946e-17
metabolite_100009067,0.18876174944610957,1.8818209180638486e-40
metabolite_100009069,0.0866381752899621,2.7072484302820304e-18
metabolite_100009078,0.0715096567711756,3.4677472905657193e-13
metabolite_100009122,0.10377487306978861,3.026017584624135e-23
metabolite_100009123,0.18339796236828354,6.241649978786806e-51
metabolite_100009124,0.06809628065518969,1.132470897533913e-12
metabolite_100009125,0.19728898854964805,1.1632817241595397e-53
metabolite_100009126,0.10313319939808874,2.84340121733299e-23
metabolite_100009130,0.2543787230044797,6.912559146000662e-79
metabolite_100009132,0.2608535337110245,4.417465858228948e-81
metabolite_100009134,0.16689671869500178,3.5690278787995273e-45
metabolite_100009135,0.24121035449171313,1.0280327245903243e-73
metabolite_100009138,0.12022223427381173,4.6839083737215153e-29
metabolite_100009139,0.1142000384007068,3.4323826733145606e-27
metabolite_100009140,0.14405198198411262,4.0883699883011584e-37
metabolite_100009141,0.12361445281162975,3.287024013327303e-30
metabolite_100009142,0.10940878970700474,5.289260597593049e-25
metabolite_100009143,0.07450124856585538,1.2090107037159301e-14
metabolite_100009146,0.1049623342878081,5.591769568038634e-24
metabolite_100009148,0.07788439682911841,2.611861787576989e-12
metabolite_100009160,0.19042932749092611,2.1956806932797937e-52
metabolite_100009161,0.13156680257530984,8.706869393226357e-28
metabolite_100009162,0.12075055148898628,4.424650821943545e-29
metabolite_100009166,0.060222223913507844,1.3906840494009555e-10
metabolite_100009181,0.1068588081078482,3.5723911113317656e-24
metabolite_100009184,0.09600031446446866,4.855363222581048e-21
metabolite_100009209,0.11443930959171134,2.366440016286988e-20
metabolite_100009215,0.11078608729767636,5.244111455274933e-26
metabolite_100009219,0.03582776234181961,0.002982374317660458
metabolite_100009225,0.11049445294809812,9.382265916483272e-26
metabolite_100009227,0.04416686032377459,3.4222433994819186e-06
metabolite_100009232,0.12052649324460363,8.315002304038345e-29
metabolite_100009233,0.10266994289590514,7.041063247940706e-23
metabolite_100009264,0.06786935075660194,4.847300172885601e-12
metabolite_100009271,0.08221031319333538,7.257268567666472e-17
metabolite_100009272,0.0256069099450964,0.01568165202200309
metabolite_100009331,0.10708776034724732,1.8201116004918337e-23
metabolite_100009332,0.08638295545554786,1.899928939956063e-17
metabolite_100009333,0.13791648859322447,3.377634491306587e-29
metabolite_100009335,0.06989625319570658,3.5416424996600557e-10
metabolite_100009343,0.11657038128930464,2.537472281325205e-27
metabolite_100009345,0.11678116055978238,1.608854919446263e-25
metabolite_100009346,0.041944215717708455,1.3041114008398162e-05
metabolite_100009347,0.11898184896170594,2.1249414463883e-28
metabolite_100009350,0.15376507860225885,5.609408846689474e-32
metabolite_100009364,0.0769721508087663,3.110327674861134e-15
metabolite_100009376,0.1737833417079574,3.88902099092948e-47
metabolite_100009378,0.08988299544292366,2.6656823595187245e-19
metabolite_100009394,0.11657669428658168,1.1215409191755871e-26
metabolite_100009406,0.1260259825059089,1.2732983745004633e-30
metabolite_100010850,0.12606502654798324,4.1839594813893084e-26
metabolite_100010869,0.13260476224019824,1.8614063306183022e-27
metabolite_100010896,0.15353196455542728,2.0345748773481482e-36
metabolite_100010901,0.10349946798257348,2.178181443612635e-23
metabolite_100010916,0.1576989502973366,1.2654346071805992e-38
metabolite_100010917,0.16570814606847473,1.6054775043612463e-44
metabolite_100010918,0.10833821052242676,1.336051619100769e-25
metabolite_100010919,0.1167034467666086,4.7606689294004685e-28
metabolite_100010922,0.13908448268190687,1.4363160298872587e-34
metabolite_100010925,0.1768894859791843,9.487665272480334e-40
metabolite_100010927,0.08892956660433027,2.8380851598834385e-16
metabolite_100010930,0.14895010702564526,1.4340140214300424e-38
metabolite_100010936,0.13464781934422754,1.0433454417864952e-33
metabolite_100010937,0.14593001757382373,7.372019848050706e-37
metabolite_100010940,0.14766417802049092,5.050103811710735e-38
metabolite_100010941,0.09473479725157563,1.1458657889076283e-20
metabolite_100010949,0.08049232708507525,5.294856556088601e-16
metabolite_100010950,0.034232768926991675,0.001679272870702685
metabolite_100010955,0.293719043017838,4.382352560542406e-93
metabolite_100010966,0.033450745142137084,0.00044301025354367626
metabolite_100015586,0.09770349348432406,1.2550019561493298e-21
metabolite_100015587,0.10473248172503391,6.94939114817905e-24
metabolite_100015593,0.17346607849228235,1.4191844873932249e-42
metabolite_100015596,0.051971121590319136,1.6876708031623283e-08
metabolite_100015618,0.13342094098665713,1.3115552159170003e-27
metabolite_100015620,0.14791430918244297,5.153974363371302e-38
metabolite_100015624,0.1302951034181754,5.879095031031882e-32
metabolite_100015625,0.04875151040838943,1.3862807382241845e-07
metabolite_100015681,0.11105314206947603,4.874722382618153e-21
metabolite_100015683,0.17242773679070666,1.3151855305502e-39
metabolite_100015687,0.07285577895046591,2.9060928646865306e-14
metabolite_100015689,0.1285330298247055,5.546485194384453e-29
metabolite_100015727,0.0873052916733481,2.434340449409238e-16
metabolite_100015735,0.1121971189875558,1.7652386816445085e-25
metabolite_100015737,0.12348811002307736,9.18465809060962e-29
metabolite_100015744,0.060072680226566755,1.3020172228854758e-10
metabolite_100015745,0.06306182177220221,2.274685684005103e-11
metabolite_100015755,0.09318911235406302,4.6857480960684066e-20
metabolite_100015759,0.07188974433836925,1.468484805978249e-11
metabolite_100015760,0.09389144501370483,4.3089127671031144e-20
metabolite_100015786,0.1069364801140128,2.3814839942164768e-24
metabolite_100015787,0.13823604231013176,7.661393058171462e-35
metabolite_100015788,0.13568348517363316,8.421910178181858e-34
metabolite_100015789,0.12374798494946648,3.545249832739968e-30
metabolite_100015790,0.24939918744663203,2.2919083830645896e-77
metabolite_100015791,0.1738011652679643,3.2084315995149364e-47
metabolite_100015792,0.05833275780798797,4.087561591967006e-10
metabolite_100015793,0.24303840767641494,2.2926162217140967e-73
metabolite_100015831,0.15752796359156818,2.659608150488321e-41
metabolite_100015832,0.07722937523182127,1.508538850826766e-12
metabolite_100015833,0.25057642460157037,9.316132892187444e-71
metabolite_100015834,0.09542112814178405,1.750693795734497e-20
metabolite_100015835,0.20565108634012308,2.369041279181946e-59
metabolite_100015836,0.1785532382092243,1.1376801955348628e-48
metabolite_100015837,0.26039381342167245,1.05724776696279e-80
metabolite_100015838,0.28213272618935636,1.3300724358843375e-89
metabolite_100015839,0.19439398997353396,4.6091141673388785e-54
metabolite_100015840,0.15414674873831014,2.5663445455030845e-40
metabolite_100015845,0.16998412438546628,2.908876333041527e-38
metabolite_100015846,0.1624449866425648,3.4702485897906397e-41
metabolite_100015962,0.08094057840424629,6.211406872017236e-16
metabolite_100015965,0.07175911264254808,2.260071612500324e-11
metabolite_100015966,0.2724330258436696,1.0718317769578655e-83
metabolite_100015967,0.2607106282919729,2.1557433892260846e-79
metabolite_100015968,0.14639362041211967,1.5368921934326012e-34
metabolite_100015971,0.2767689053795438,3.993456744578355e-88
metabolite_100016038,0.05916158270965366,9.968912553484446e-10
metabolite_100016069,0.07134206905208429,2.2368092603687947e-13
metabolite_100016110,0.11476053718520363,2.5500966603790055e-20
metabolite_100019794,0.21611247082574814,2.4037354527221247e-63
metabolite_100019884,0.13171502991063244,2.609441235804907e-27
metabolite_100019972,0.04186259689925198,2.4780085766798808e-05
metabolite_100019975,0.043688126894647294,3.0270578979962817e-06
metabolite_100019978,0.08231483953988017,7.26481904654446e-17
metabolite_100019982,0.0821955090598876,6.114677723188989e-17
metabolite_100020004,0.12858535256449244,1.397045279503642e-31
metabolite_100020204,0.18151809277390762,2.6430847196538774e-49
metabolite_100020205,0.3637976243499369,4.3195706605360346e-126
metabolite_100020208,0.23145930596599462,7.478127378559558e-69
metabolite_100020214,0.036669732012795775,0.0018165993862977858
metabolite_100020219,0.13599056078495397,2.796192154209549e-34
metabolite_100020234,0.09707463745242983,2.1982379497445232e-16
metabolite_100020241,0.09492685119240174,3.8110115824224485e-20
metabolite_100020253,0.09870197432894812,1.1547726008542208e-16
metabolite_100020254,0.08208209137918077,2.807284849332763e-16
metabolite_100020259,0.06395405320574299,6.110500004895737e-11
metabolite_100020261,0.06262239869263919,4.30769461295278e-11
metabolite_100020262,0.14503641981364812,1.9446011637065171e-32
metabolite_100020343,0.07770513006675961,2.17834088476838e-15
metabolite_100020361,0.17657318725085336,2.792557490859348e-42
metabolite_100020371,0.03143308072962081,0.0018566808108312753
metabolite_100020372,0.11769721976523606,1.1420895365479283e-26
metabolite_100020377,0.09556105046518604,2.2472082432998777e-20
metabolite_100020378,0.10382622302581401,2.966688358772626e-17
metabolite_100020409,0.10503783319612647,6.125611571771934e-24
metabolite_100020414,0.08154371349108758,1.9622971104759492e-16
metabolite_100020419,0.23299691869068917,4.4327437469082765e-69
metabolite_100020423,0.18307694108035144,7.629213958825041e-47
metabolite_100020425,0.2027876743666146,6.7251063369263144e-49
metabolite_100020478,0.048857427166337675,1.2564733153943266e-07
metabolite_100020487,0.08550878365755299,5.306819483686196e-18
metabolite_100020491,0.07030784852297434,2.1245559876133332e-11
metabolite_100020492,0.06671572680776938,1.6268696871583457e-11
metabolite_100020493,0.0691944528216587,5.1814075147363616e-11
metabolite_100020496,0.03775563724700537,0.00010351975506098129
metabolite_100020497,0.04090807858875045,3.34856899531335e-05
metabolite_100020502,0.06795054571571879,9.329860582993888e-11
metabolite_100020515,0.0938090145568129,4.670196687311428e-19
metabolite_100020536,0.10530106474237855,5.204421967070245e-22
metabolite_100020541,0.19666666740687322,4.860705953798025e-55
metabolite_100020550,0.06962747354357479,3.678092427207954e-12
metabolite_100020578,0.049423296517259185,2.3519979054361142e-07
metabolite_100020631,0.06682633634515889,9.770470497475513e-09
metabolite_100020823,0.02154662672723584,0.10889926886719362
metabolite_100020833,0.09643192181743543,2.6200552112420365e-21
metabolite_100020893,0.3142538519493425,4.191576508468403e-104
metabolite_100021000,0.06542398915508352,5.943749415069416e-12
metabolite_100021015,0.07977097116698295,4.835688801729322e-13
metabolite_100021100,0.07303528936431791,1.4836903099832161e-13
metabolite_100021104,0.22668625059432412,2.7545270021334412e-67
metabolite_100021105,0.1381014473179344,4.312851333224447e-34
metabolite_100021123,0.13176620330679512,2.9132927023755294e-31
metabolite_100021131,0.1096785189228544,2.0075124166074215e-25
metabolite_100021162,0.061558336797248314,6.498997136345876e-11
metabolite_100021208,0.06267633076481849,7.689950993019612e-08
metabolite_100021324,0.23750264484571548,8.106694798100273e-72
metabolite_100021329,0.15980307381389558,2.952551659056664e-40
metabolite_100021331,0.2585043548495145,1.3099403509701217e-79
metabolite_100021374,0.19555939175254888,6.04360786635502e-53
metabolite_100021502,0.05495956521700396,4.8805366629897246e-09
metabolite_100021666,0.1361270472603313,1.8798092854172977e-32
metabolite_100021707,0.19499317115700876,9.999321141639307e-55
metabolite_100021709,0.057651882741373006,7.491990031431502e-10
metabolite_100021711,0.0860313491642849,2.4066455032663204e-17
metabolite_100021712,0.034300926195369175,0.002717647221434339
metabolite_100021727,0.06880747160519685,6.18735895638499e-13
metabolite_100021728,0.16845011739005145,2.5084701214549988e-45
metabolite_100021760,0.1594499899908295,3.387244365786243e-38
metabolite_100021784,0.035876515510666396,0.0001297583664440895
metabolite_100021918,0.07977912751012595,6.66946874339056e-16
metabolite_100021990,0.1335741165977563,4.933610386786754e-33
metabolite_100021992,0.06516544263918289,1.2040613492705693e-11
metabolite_100022003,0.1087096840697852,5.870425677451336e-25
metabolite_100022004,0.1182474115600266,2.228459145679448e-28
metabolite_100022005,0.11684363844698065,3.6028645390392984e-27
metabolite_100022006,0.12227153533887059,1.8619368439574597e-29
metabolite_100022007,0.1216243797408112,4.847544989946299e-29
metabolite_100022008,0.10082592988502026,1.4464204794836119e-22
metabolite_100022009,0.10233445051495638,2.2702717189808585e-23
metabolite_100022013,0.23671695770559598,1.3169191778305536e-69
metabolite_100022041,0.2917312128345164,8.008018705858576e-95
metabolite_100022120,0.09999496013829923,8.718729900604037e-22
metabolite_100022127,0.21446946070622175,2.27083548023438e-61
metabolite_999932698,0.17252709164433377,2.236362490599714e-46
metabolite_999933132,0.13302232917283174,8.602899294305563e-33
metabolite_999933140,0.08068520996668849,2.132511625549465e-16
metabolite_999946259,0.1481899951222454,7.448184439255381e-38
metabolite_999946261,0.20787146667248813,1.549984484318224e-58
metabolite_999946266,0.11303424113851157,2.6757483063826336e-26
metabolite_999946283,0.12168783285234253,4.203245454601259e-28
metabolite_999946294,0.14370691362449783,5.131986374333855e-30
metabolite_999946295,0.061620522135488964,1.2026643538377265e-10
metabolite_999946354,0.05769237530134308,6.313771839043365e-09
metabolite_999946363,0.05113217035097173,4.380370462799221e-08
metabolite_999946364,0.06371417174447191,1.6242318444041357e-10
metabolite_999946384,0.1445534411038234,3.3920830725182397e-37
metabolite_999946390,0.1911662938527019,4.018909751256826e-54
metabolite_999946398,0.04422516536443566,1.801621670044347e-06
metabolite_999946409,0.18704546513639342,1.43974244628974e-51
metabolite_999946417,0.13869676296692002,1.1266836213400106e-34
metabolite_999946428,0.16044707125206636,2.7987843120961647e-41
metabolite_999946455,0.17768664173397863,3.186350941853596e-38
metabolite_999946460,0.22113954239991573,2.185633690726675e-64
metabolite_999946486,0.08635087309685407,1.0452524369691903e-16
metabolite_999946487,0.13399930778515956,2.3067955077422974e-24
metabolite_999946488,0.07418481528926146,5.131295984555048e-14
metabolite_999946507,0.1139838793104685,1.550002758008575e-21
metabolite_999946510,0.07742423239765506,9.825759244261455e-12
metabolite_999946511,0.059681281616467574,3.61698235740743e-10
metabolite_999946512,0.08566374636003737,1.8975705038072842e-16
metabolite_999946515,0.1729962047215683,3.573059320329904e-44
metabolite_999946516,0.08200437203240829,4.893026927889125e-16
metabolite_999946521,0.047920661648783947,1.0094298201327889e-05
metabolite_999946590,0.09041797047368716,1.0950176678514024e-18
metabolite_999946592,0.13164216955322483,7.86279603212041e-32
metabolite_999946594,0.11627577957145374,1.9237461575363476e-27
metabolite_999946595,0.17033392858238827,4.744446032455825e-44
metabolite_999946601,0.10647845317939375,4.4813929273963924e-24
metabolite_999946602,0.07796532321492933,1.769005063681789e-15
metabolite_999946607,0.06811133179176099,3.830659480612134e-12
metabolite_999946608,0.10945889452573387,4.153331791720699e-25
metabolite_999946610,0.07986501161907711,4.885870468855638e-13
metabolite_999946613,0.14583056193096278,1.4183794281131949e-36
metabolite_999946616,0.1538968718704371,3.961287042524822e-39
metabolite_999946620,0.18208590199987051,4.199872482072122e-49
metabolite_999946623,0.1367688892468305,7.157256565469733e-31
metabolite_999946624,0.0695965411291436,1.3099597684101833e-12
metabolite_999946632,0.10138235938466156,1.2216550573719857e-22
metabolite_999946633,0.1029309265322862,4.180336596875872e-23
metabolite_999946636,0.0682138483780308,1.03452864976272e-10
metabolite_999946639,0.05842815691954717,1.877676845713932e-07
metabolite_999946645,0.06445672005229419,3.6451105782778564e-11
metabolite_999946646,0.10413474799108846,9.949867922166653e-22
metabolite_999946657,0.15574107500486556,2.1028582088423005e-40
metabolite_999946666,0.0686572987027263,1.241083335663563e-09
metabolite_999946673,0.07516461561438503,9.670213726224984e-11
metabolite_999946674,0.08006322201797933,1.810261810140599e-15
metabolite_999946681,0.18368172887820244,1.5287622868552554e-50
metabolite_999946685,0.17327743709353027,1.6091402539178179e-40
metabolite_999946690,0.17545262768408265,3.1016722650577757e-47
metabolite_999946695,0.07245056788967374,3.928116069915125e-14
metabolite_999946700,0.03980414883398731,1.898311757427527e-05
metabolite_999946701,0.14471462988692707,3.4410795845880532e-37
metabolite_999946705,0.09785091401787194,1.0144112094742799e-15
metabolite_999946707,0.12369925619612054,1.8272514668335426e-29
metabolite_999946710,0.0836727919501371,2.547493401139359e-15
metabolite_999946902,0.07846850576415665,1.503360294526288e-11
metabolite_999946905,0.08516556111692031,1.2362883033785199e-17
metabolite_999946970,0.1322836611774315,7.567165318592408e-32
metabolite_999946972,0.22098161428701513,7.723030266691796e-65
metabolite_999946973,0.11903199664600239,1.4137301880508464e-20
metabolite_999946977,0.21276736453512035,1.658212623873361e-61
metabolite_999946986,0.05105383482107739,3.982333712647042e-06
metabolite_999946997,0.10721381531597352,5.498841233092896e-23
metabolite_999946998,0.08192779655929072,8.664755573243327e-13
metabolite_999947006,0.0729942007955875,6.988490477376996e-14
metabolite_999947011,0.0617008723890603,2.0727605564437046e-08
metabolite_999947417,0.13308050089487666,1.3800285982079313e-32
metabolite_999947437,0.04505659810735119,4.075916378240301e-06
metabolite_999947493,0.034955318376927336,0.0037581278824026627
metabolite_999947642,0.06385232039541466,2.526040411257738e-11
metabolite_999947650,0.08898263927901118,1.7346694539245562e-18
metabolite_999947654,0.0505672000436298,2.7220505261401205e-06
metabolite_999947670,0.11553422008839809,9.409836017860014e-22
metabolite_999947671,0.04244133627751967,4.5204487940879726e-06
metabolite_999947687,0.13241898782465733,2.1489461608162818e-32
metabolite_999947708,0.053911417064520295,2.9418730878610925e-06
metabolite_999947788,0.13366351026489454,1.6363295216166078e-31
metabolite_999947790,0.31074362741274286,7.102563497147777e-80
metabolite_999947802,0.07674540001406516,8.88247449326085e-15
metabolite_999947804,0.06731626437319616,1.3327771542004572e-12
metabolite_999947820,0.02463100609612845,0.024355077949360527
metabolite_999947905,0.20369336410164385,2.0421776262482085e-58
metabolite_999947929,0.1629921584896321,4.4938740349609744e-38
metabolite_999947955,0.1732171374846193,9.54578304049019e-45
metabolite_999947959,0.21595269833688724,2.9774489119687114e-52
metabolite_999947971,0.0789970678865537,7.199714187422875e-15
metabolite_999947977,0.09592772500248414,5.218057712267611e-15
metabolite_999947988,0.1524408687998593,5.727770151231932e-36
metabolite_999947993,0.2637047124523004,3.8282718078274306e-78
metabolite_999948001,0.08485635386452572,4.302056136508993e-16
metabolite_999948009,0.1797038212329618,2.493989265356641e-49
metabolite_999948047,0.05965162758781917,3.264327952689768e-09
metabolite_999948076,0.19888291766860133,1.5938144594214327e-47
metabolite_999948081,0.13341727872988418,2.8102425810097186e-29
metabolite_999948094,0.07110866006921235,3.560877775865986e-11
metabolite_999949463,0.08718643727115116,1.1698863044961504e-15
metabolite_999949512,0.07816638287236388,1.348939086043494e-15
metabolite_999949515,0.16089409783094133,1.308486067687228e-41
metabolite_999949517,0.11961095153597368,5.476262556526229e-23
metabolite_999949521,0.03613448440009792,0.00013962568520231738
metabolite_999949555,0.05653489233808351,1.6464953369869176e-08
metabolite_999949557,0.12539041094241865,3.351659191017284e-30
metabolite_999949592,0.19586553822164288,2.831169140531341e-55
metabolite_999949637,0.1257866068126131,6.936186862138246e-30
metabolite_999949679,0.06951196427939432,4.856936110784548e-11
metabolite_999949681,0.12441870397062493,4.8914561548363794e-30
metabolite_999949883,0.09125344307012706,1.6265850776192725e-17
metabolite_999952025,0.14013673875034893,2.9592050935828955e-33
metabolite_999952286,0.1728976598610007,2.0719927861580503e-40
metabolite_999952483,0.1734079191407657,1.4073426821143281e-46
metabolite_999952501,0.17863430158350702,8.074547035788155e-49
metabolite_999952502,0.1653571973769804,1.9489602871839222e-44
metabolite_999952524,0.25791405065926376,1.725214347273507e-79
metabolite_999952533,0.19288710426349198,1.347538476325872e-47
metabolite_999952640,0.09656369409111543,1.3941502038541e-16
metabolite_999952661,0.18571641043037912,1.3397750884012086e-39
metabolite_999952843,0.1055641128131295,3.2788196690592015e-21
metabolite_999952865,0.2726575819443401,8.806375899928646e-85
metabolite_999952867,0.27221391829598873,5.43785862325802e-74
metabolite_999952870,0.04284912298233867,0.00044446855010142204
metabolite_999952877,0.1187610343746568,3.1861297448366675e-27
metabolite_999952909,0.19764122367078896,2.871177223563036e-55
metabolite_999953114,0.12981107891947807,8.462800399681994e-25
metabolite_999953157,0.19372964514589752,7.806548306998477e-48
metabolite_999953267,0.09021846208238782,6.820637250703273e-15
metabolite_999954840,0.07766262676554614,7.042497345312442e-11
